[{"pk": 30730, "model": "django_geo.zipcode", "fields": {"latitude": "47.303722", "city": "Algona", "state": "WA", "longitude": "-122.26608", "zip_code": "98001"}}, {"pk": 30731, "model": "django_geo.zipcode", "fields": {"latitude": "47.304221", "city": "Auburn", "state": "WA", "longitude": "-122.21602", "zip_code": "98002"}}, {"pk": 30732, "model": "django_geo.zipcode", "fields": {"latitude": "47.311072", "city": "Federal Way", "state": "WA", "longitude": "-122.31188", "zip_code": "98003"}}, {"pk": 30733, "model": "django_geo.zipcode", "fields": {"latitude": "47.618371", "city": "Beaux Arts", "state": "WA", "longitude": "-122.20308", "zip_code": "98004"}}, {"pk": 30734, "model": "django_geo.zipcode", "fields": {"latitude": "47.611021", "city": "Bellevue", "state": "WA", "longitude": "-122.16858", "zip_code": "98005"}}, {"pk": 30735, "model": "django_geo.zipcode", "fields": {"latitude": "47.562975", "city": "Bellevue", "state": "WA", "longitude": "-122.1526", "zip_code": "98006"}}, {"pk": 30736, "model": "django_geo.zipcode", "fields": {"latitude": "47.610935", "city": "Bellevue", "state": "WA", "longitude": "-122.14104", "zip_code": "98007"}}, {"pk": 30737, "model": "django_geo.zipcode", "fields": {"latitude": "47.609222", "city": "Bellevue", "state": "WA", "longitude": "-122.1155", "zip_code": "98008"}}, {"pk": 30738, "model": "django_geo.zipcode", "fields": {"latitude": "47.317802", "city": "Black Diamond", "state": "WA", "longitude": "-122.01479", "zip_code": "98010"}}, {"pk": 30739, "model": "django_geo.zipcode", "fields": {"latitude": "47.751471", "city": "Bothell", "state": "WA", "longitude": "-122.20257", "zip_code": "98011"}}, {"pk": 30740, "model": "django_geo.zipcode", "fields": {"latitude": "47.84311", "city": "Mill Creek", "state": "WA", "longitude": "-122.20457", "zip_code": "98012"}}, {"pk": 30741, "model": "django_geo.zipcode", "fields": {"latitude": "47.648232", "city": "Carnation", "state": "WA", "longitude": "-121.91265", "zip_code": "98014"}}, {"pk": 30742, "model": "django_geo.zipcode", "fields": {"latitude": "47.7353", "city": "Duvall", "state": "WA", "longitude": "-121.96222", "zip_code": "98019"}}, {"pk": 30743, "model": "django_geo.zipcode", "fields": {"latitude": "47.803668", "city": "Woodway", "state": "WA", "longitude": "-122.37096", "zip_code": "98020"}}, {"pk": 30744, "model": "django_geo.zipcode", "fields": {"latitude": "47.790653", "city": "Bothell", "state": "WA", "longitude": "-122.22021", "zip_code": "98021"}}, {"pk": 30745, "model": "django_geo.zipcode", "fields": {"latitude": "47.193729", "city": "Enumclaw", "state": "WA", "longitude": "-121.91915", "zip_code": "98022"}}, {"pk": 30746, "model": "django_geo.zipcode", "fields": {"latitude": "47.309021", "city": "Federal Way", "state": "WA", "longitude": "-122.36178", "zip_code": "98023"}}, {"pk": 30747, "model": "django_geo.zipcode", "fields": {"latitude": "47.565642", "city": "Fall City", "state": "WA", "longitude": "-121.88638", "zip_code": "98024"}}, {"pk": 30748, "model": "django_geo.zipcode", "fields": {"latitude": "47.430704", "city": "Hobart", "state": "WA", "longitude": "-121.88496", "zip_code": "98025"}}, {"pk": 30749, "model": "django_geo.zipcode", "fields": {"latitude": "47.821568", "city": "Edmonds", "state": "WA", "longitude": "-122.33651", "zip_code": "98026"}}, {"pk": 30750, "model": "django_geo.zipcode", "fields": {"latitude": "47.522828", "city": "Issaquah", "state": "WA", "longitude": "-122.02921", "zip_code": "98027"}}, {"pk": 30751, "model": "django_geo.zipcode", "fields": {"latitude": "47.75287", "city": "Kenmore", "state": "WA", "longitude": "-122.24736", "zip_code": "98028"}}, {"pk": 30752, "model": "django_geo.zipcode", "fields": {"latitude": "47.572401", "city": "Issaquah", "state": "WA", "longitude": "-122.02065", "zip_code": "98029"}}, {"pk": 30753, "model": "django_geo.zipcode", "fields": {"latitude": "47.388461", "city": "Kent", "state": "WA", "longitude": "-122.19644", "zip_code": "98031"}}, {"pk": 30754, "model": "django_geo.zipcode", "fields": {"latitude": "47.388254", "city": "Kent", "state": "WA", "longitude": "-122.25932", "zip_code": "98032"}}, {"pk": 30755, "model": "django_geo.zipcode", "fields": {"latitude": "47.67903", "city": "Kirkland", "state": "WA", "longitude": "-122.1934", "zip_code": "98033"}}, {"pk": 30756, "model": "django_geo.zipcode", "fields": {"latitude": "47.71828", "city": "Kirkland", "state": "WA", "longitude": "-122.19702", "zip_code": "98034"}}, {"pk": 30757, "model": "django_geo.zipcode", "fields": {"latitude": "47.808816", "city": "Brier", "state": "WA", "longitude": "-122.28394", "zip_code": "98036"}}, {"pk": 30758, "model": "django_geo.zipcode", "fields": {"latitude": "47.848237", "city": "Lynnwood", "state": "WA", "longitude": "-122.28348", "zip_code": "98037"}}, {"pk": 30759, "model": "django_geo.zipcode", "fields": {"latitude": "47.381989", "city": "Maple Valley", "state": "WA", "longitude": "-122.03553", "zip_code": "98038"}}, {"pk": 30760, "model": "django_geo.zipcode", "fields": {"latitude": "47.626571", "city": "Medina", "state": "WA", "longitude": "-122.2328", "zip_code": "98039"}}, {"pk": 30761, "model": "django_geo.zipcode", "fields": {"latitude": "47.569271", "city": "Mercer Island", "state": "WA", "longitude": "-122.23233", "zip_code": "98040"}}, {"pk": 30762, "model": "django_geo.zipcode", "fields": {"latitude": "47.363382", "city": "Kent", "state": "WA", "longitude": "-122.11451", "zip_code": "98042"}}, {"pk": 30763, "model": "django_geo.zipcode", "fields": {"latitude": "47.790969", "city": "Mountlake Terrac", "state": "WA", "longitude": "-122.30539", "zip_code": "98043"}}, {"pk": 30764, "model": "django_geo.zipcode", "fields": {"latitude": "47.483057", "city": "North Bend", "state": "WA", "longitude": "-121.73254", "zip_code": "98045"}}, {"pk": 30765, "model": "django_geo.zipcode", "fields": {"latitude": "47.26619", "city": "Pacific", "state": "WA", "longitude": "-122.24463", "zip_code": "98047"}}, {"pk": 30766, "model": "django_geo.zipcode", "fields": {"latitude": "47.359414", "city": "Ravensdale", "state": "WA", "longitude": "-121.88657", "zip_code": "98051"}}, {"pk": 30767, "model": "django_geo.zipcode", "fields": {"latitude": "47.677471", "city": "Redmond", "state": "WA", "longitude": "-122.12138", "zip_code": "98052"}}, {"pk": 30768, "model": "django_geo.zipcode", "fields": {"latitude": "47.640972", "city": "Redmond", "state": "WA", "longitude": "-122.03318", "zip_code": "98053"}}, {"pk": 30769, "model": "django_geo.zipcode", "fields": {"latitude": "47.467422", "city": "Renton", "state": "WA", "longitude": "-122.21005", "zip_code": "98055"}}, {"pk": 30770, "model": "django_geo.zipcode", "fields": {"latitude": "47.510739", "city": "Renton", "state": "WA", "longitude": "-122.18372", "zip_code": "98056"}}, {"pk": 30771, "model": "django_geo.zipcode", "fields": {"latitude": "47.448322", "city": "Renton", "state": "WA", "longitude": "-122.14584", "zip_code": "98058"}}, {"pk": 30772, "model": "django_geo.zipcode", "fields": {"latitude": "47.493031", "city": "Renton", "state": "WA", "longitude": "-122.14169", "zip_code": "98059"}}, {"pk": 30773, "model": "django_geo.zipcode", "fields": {"latitude": "47.530639", "city": "Snoqualmie", "state": "WA", "longitude": "-121.83053", "zip_code": "98065"}}, {"pk": 30774, "model": "django_geo.zipcode", "fields": {"latitude": "47.397811", "city": "Snoqualmie Pass", "state": "WA", "longitude": "-121.39603", "zip_code": "98068"}}, {"pk": 30775, "model": "django_geo.zipcode", "fields": {"latitude": "47.416198", "city": "Vashon", "state": "WA", "longitude": "-122.46821", "zip_code": "98070"}}, {"pk": 30776, "model": "django_geo.zipcode", "fields": {"latitude": "47.758786", "city": "Woodinville", "state": "WA", "longitude": "-122.10205", "zip_code": "98072"}}, {"pk": 30777, "model": "django_geo.zipcode", "fields": {"latitude": "47.297285", "city": "Auburn", "state": "WA", "longitude": "-122.16328", "zip_code": "98092"}}, {"pk": 30778, "model": "django_geo.zipcode", "fields": {"latitude": "47.611321", "city": "Washington", "state": "WA", "longitude": "-122.24236", "zip_code": "980HH"}}, {"pk": 30779, "model": "django_geo.zipcode", "fields": {"latitude": "47.39481", "city": "Washington", "state": "WA", "longitude": "-121.63594", "zip_code": "980XX"}}, {"pk": 30780, "model": "django_geo.zipcode", "fields": {"latitude": "47.61067", "city": "Seattle", "state": "WA", "longitude": "-122.33438", "zip_code": "98101"}}, {"pk": 30781, "model": "django_geo.zipcode", "fields": {"latitude": "47.63287", "city": "Seattle", "state": "WA", "longitude": "-122.32253", "zip_code": "98102"}}, {"pk": 30782, "model": "django_geo.zipcode", "fields": {"latitude": "47.671346", "city": "Seattle", "state": "WA", "longitude": "-122.34166", "zip_code": "98103"}}, {"pk": 30783, "model": "django_geo.zipcode", "fields": {"latitude": "47.60252", "city": "Seattle", "state": "WA", "longitude": "-122.32855", "zip_code": "98104"}}, {"pk": 30784, "model": "django_geo.zipcode", "fields": {"latitude": "47.66377", "city": "Seattle", "state": "WA", "longitude": "-122.30118", "zip_code": "98105"}}, {"pk": 30785, "model": "django_geo.zipcode", "fields": {"latitude": "47.53282", "city": "Seattle", "state": "WA", "longitude": "-122.35443", "zip_code": "98106"}}, {"pk": 30786, "model": "django_geo.zipcode", "fields": {"latitude": "47.66747", "city": "Seattle", "state": "WA", "longitude": "-122.37468", "zip_code": "98107"}}, {"pk": 30787, "model": "django_geo.zipcode", "fields": {"latitude": "47.546188", "city": "Tukwila", "state": "WA", "longitude": "-122.31514", "zip_code": "98108"}}, {"pk": 30788, "model": "django_geo.zipcode", "fields": {"latitude": "47.630648", "city": "Seattle", "state": "WA", "longitude": "-122.34675", "zip_code": "98109"}}, {"pk": 30789, "model": "django_geo.zipcode", "fields": {"latitude": "47.65526", "city": "Bainbridge Islan", "state": "WA", "longitude": "-122.53508", "zip_code": "98110"}}, {"pk": 30790, "model": "django_geo.zipcode", "fields": {"latitude": "47.629653", "city": "Seattle", "state": "WA", "longitude": "-122.29752", "zip_code": "98112"}}, {"pk": 30791, "model": "django_geo.zipcode", "fields": {"latitude": "47.68382", "city": "Seattle", "state": "WA", "longitude": "-122.30122", "zip_code": "98115"}}, {"pk": 30792, "model": "django_geo.zipcode", "fields": {"latitude": "47.57487", "city": "Seattle", "state": "WA", "longitude": "-122.39392", "zip_code": "98116"}}, {"pk": 30793, "model": "django_geo.zipcode", "fields": {"latitude": "47.685919", "city": "Seattle", "state": "WA", "longitude": "-122.37838", "zip_code": "98117"}}, {"pk": 30794, "model": "django_geo.zipcode", "fields": {"latitude": "47.543348", "city": "Seattle", "state": "WA", "longitude": "-122.27496", "zip_code": "98118"}}, {"pk": 30795, "model": "django_geo.zipcode", "fields": {"latitude": "47.63877", "city": "Seattle", "state": "WA", "longitude": "-122.36694", "zip_code": "98119"}}, {"pk": 30796, "model": "django_geo.zipcode", "fields": {"latitude": "47.61487", "city": "Seattle", "state": "WA", "longitude": "-122.34578", "zip_code": "98121"}}, {"pk": 30797, "model": "django_geo.zipcode", "fields": {"latitude": "47.61157", "city": "Seattle", "state": "WA", "longitude": "-122.30406", "zip_code": "98122"}}, {"pk": 30798, "model": "django_geo.zipcode", "fields": {"latitude": "47.716648", "city": "Seattle", "state": "WA", "longitude": "-122.30308", "zip_code": "98125"}}, {"pk": 30799, "model": "django_geo.zipcode", "fields": {"latitude": "47.54687", "city": "Seattle", "state": "WA", "longitude": "-122.3748", "zip_code": "98126"}}, {"pk": 30800, "model": "django_geo.zipcode", "fields": {"latitude": "47.733852", "city": "Seattle", "state": "WA", "longitude": "-122.34461", "zip_code": "98133"}}, {"pk": 30801, "model": "django_geo.zipcode", "fields": {"latitude": "47.57867", "city": "Seattle", "state": "WA", "longitude": "-122.33441", "zip_code": "98134"}}, {"pk": 30802, "model": "django_geo.zipcode", "fields": {"latitude": "47.538887", "city": "Seattle", "state": "WA", "longitude": "-122.38803", "zip_code": "98136"}}, {"pk": 30803, "model": "django_geo.zipcode", "fields": {"latitude": "47.58577", "city": "Seattle", "state": "WA", "longitude": "-122.30081", "zip_code": "98144"}}, {"pk": 30804, "model": "django_geo.zipcode", "fields": {"latitude": "47.501753", "city": "Burien", "state": "WA", "longitude": "-122.35688", "zip_code": "98146"}}, {"pk": 30805, "model": "django_geo.zipcode", "fields": {"latitude": "47.443756", "city": "Normandy Park", "state": "WA", "longitude": "-122.33068", "zip_code": "98148"}}, {"pk": 30806, "model": "django_geo.zipcode", "fields": {"latitude": "47.60632", "city": "Seattle", "state": "WA", "longitude": "-122.33357", "zip_code": "98154"}}, {"pk": 30807, "model": "django_geo.zipcode", "fields": {"latitude": "47.753019", "city": "Lk Forest Park", "state": "WA", "longitude": "-122.30373", "zip_code": "98155"}}, {"pk": 30808, "model": "django_geo.zipcode", "fields": {"latitude": "47.606139", "city": "Seattle", "state": "WA", "longitude": "-122.33186", "zip_code": "98164"}}, {"pk": 30809, "model": "django_geo.zipcode", "fields": {"latitude": "47.458821", "city": "Normandy Park", "state": "WA", "longitude": "-122.34943", "zip_code": "98166"}}, {"pk": 30810, "model": "django_geo.zipcode", "fields": {"latitude": "47.491327", "city": "Tukwila", "state": "WA", "longitude": "-122.3027", "zip_code": "98168"}}, {"pk": 30811, "model": "django_geo.zipcode", "fields": {"latitude": "47.604718", "city": "Seattle", "state": "WA", "longitude": "-122.33523", "zip_code": "98174"}}, {"pk": 30812, "model": "django_geo.zipcode", "fields": {"latitude": "47.740886", "city": "Seattle", "state": "WA", "longitude": "-122.36978", "zip_code": "98177"}}, {"pk": 30813, "model": "django_geo.zipcode", "fields": {"latitude": "47.497971", "city": "Tukwila", "state": "WA", "longitude": "-122.24664", "zip_code": "98178"}}, {"pk": 30814, "model": "django_geo.zipcode", "fields": {"latitude": "47.450321", "city": "Tukwila", "state": "WA", "longitude": "-122.27472", "zip_code": "98188"}}, {"pk": 30815, "model": "django_geo.zipcode", "fields": {"latitude": "47.397521", "city": "Des Moines", "state": "WA", "longitude": "-122.315", "zip_code": "98198"}}, {"pk": 30816, "model": "django_geo.zipcode", "fields": {"latitude": "47.64767", "city": "Seattle", "state": "WA", "longitude": "-122.39758", "zip_code": "98199"}}, {"pk": 30817, "model": "django_geo.zipcode", "fields": {"latitude": "47.61595", "city": "Washington", "state": "WA", "longitude": "-122.37158", "zip_code": "981HH"}}, {"pk": 30818, "model": "django_geo.zipcode", "fields": {"latitude": "47.986274", "city": "Everett", "state": "WA", "longitude": "-122.20222", "zip_code": "98201"}}, {"pk": 30819, "model": "django_geo.zipcode", "fields": {"latitude": "47.943468", "city": "Everett", "state": "WA", "longitude": "-122.21792", "zip_code": "98203"}}, {"pk": 30820, "model": "django_geo.zipcode", "fields": {"latitude": "47.90296", "city": "Everett", "state": "WA", "longitude": "-122.25064", "zip_code": "98204"}}, {"pk": 30821, "model": "django_geo.zipcode", "fields": {"latitude": "47.993436", "city": "Everett", "state": "WA", "longitude": "-122.12723", "zip_code": "98205"}}, {"pk": 30822, "model": "django_geo.zipcode", "fields": {"latitude": "47.893451", "city": "Everett", "state": "WA", "longitude": "-122.19797", "zip_code": "98208"}}, {"pk": 30823, "model": "django_geo.zipcode", "fields": {"latitude": "48.681582", "city": "Acme", "state": "WA", "longitude": "-122.1977", "zip_code": "98220"}}, {"pk": 30824, "model": "django_geo.zipcode", "fields": {"latitude": "48.495234", "city": "Anacortes", "state": "WA", "longitude": "-122.61976", "zip_code": "98221"}}, {"pk": 30825, "model": "django_geo.zipcode", "fields": {"latitude": "48.586563", "city": "Blakely Island", "state": "WA", "longitude": "-122.80317", "zip_code": "98222"}}, {"pk": 30826, "model": "django_geo.zipcode", "fields": {"latitude": "48.203856", "city": "Arlington", "state": "WA", "longitude": "-122.05288", "zip_code": "98223"}}, {"pk": 30827, "model": "django_geo.zipcode", "fields": {"latitude": "47.763755", "city": "Baring", "state": "WA", "longitude": "-121.47607", "zip_code": "98224"}}, {"pk": 30828, "model": "django_geo.zipcode", "fields": {"latitude": "48.747578", "city": "Bellingham", "state": "WA", "longitude": "-122.48508", "zip_code": "98225"}}, {"pk": 30829, "model": "django_geo.zipcode", "fields": {"latitude": "48.759079", "city": "Bellingham", "state": "WA", "longitude": "-122.43597", "zip_code": "98226"}}, {"pk": 30830, "model": "django_geo.zipcode", "fields": {"latitude": "48.961443", "city": "Blaine", "state": "WA", "longitude": "-122.73714", "zip_code": "98230"}}, {"pk": 30831, "model": "django_geo.zipcode", "fields": {"latitude": "48.559548", "city": "Bow", "state": "WA", "longitude": "-122.41375", "zip_code": "98232"}}, {"pk": 30832, "model": "django_geo.zipcode", "fields": {"latitude": "48.486892", "city": "Burlington", "state": "WA", "longitude": "-122.33366", "zip_code": "98233"}}, {"pk": 30833, "model": "django_geo.zipcode", "fields": {"latitude": "48.461672", "city": "Clearlake", "state": "WA", "longitude": "-122.23308", "zip_code": "98235"}}, {"pk": 30834, "model": "django_geo.zipcode", "fields": {"latitude": "47.962134", "city": "Clinton", "state": "WA", "longitude": "-122.40089", "zip_code": "98236"}}, {"pk": 30835, "model": "django_geo.zipcode", "fields": {"latitude": "48.497601", "city": "Concrete", "state": "WA", "longitude": "-121.70018", "zip_code": "98237"}}, {"pk": 30836, "model": "django_geo.zipcode", "fields": {"latitude": "48.337796", "city": "Conway", "state": "WA", "longitude": "-122.34517", "zip_code": "98238"}}, {"pk": 30837, "model": "django_geo.zipcode", "fields": {"latitude": "48.204162", "city": "Coupeville", "state": "WA", "longitude": "-122.66723", "zip_code": "98239"}}, {"pk": 30838, "model": "django_geo.zipcode", "fields": {"latitude": "48.931679", "city": "Custer", "state": "WA", "longitude": "-122.63256", "zip_code": "98240"}}, {"pk": 30839, "model": "django_geo.zipcode", "fields": {"latitude": "48.265483", "city": "Darrington", "state": "WA", "longitude": "-121.56075", "zip_code": "98241"}}, {"pk": 30840, "model": "django_geo.zipcode", "fields": {"latitude": "48.612763", "city": "Deer Harbor", "state": "WA", "longitude": "-123.02057", "zip_code": "98243"}}, {"pk": 30841, "model": "django_geo.zipcode", "fields": {"latitude": "48.841442", "city": "Glacier", "state": "WA", "longitude": "-122.12547", "zip_code": "98244"}}, {"pk": 30842, "model": "django_geo.zipcode", "fields": {"latitude": "48.672312", "city": "Eastsound", "state": "WA", "longitude": "-122.91972", "zip_code": "98245"}}, {"pk": 30843, "model": "django_geo.zipcode", "fields": {"latitude": "48.900256", "city": "Everson", "state": "WA", "longitude": "-122.32095", "zip_code": "98247"}}, {"pk": 30844, "model": "django_geo.zipcode", "fields": {"latitude": "48.852655", "city": "Ferndale", "state": "WA", "longitude": "-122.61807", "zip_code": "98248"}}, {"pk": 30845, "model": "django_geo.zipcode", "fields": {"latitude": "48.029176", "city": "Freeland", "state": "WA", "longitude": "-122.54222", "zip_code": "98249"}}, {"pk": 30846, "model": "django_geo.zipcode", "fields": {"latitude": "48.55113", "city": "Friday Harbor", "state": "WA", "longitude": "-123.07563", "zip_code": "98250"}}, {"pk": 30847, "model": "django_geo.zipcode", "fields": {"latitude": "47.851713", "city": "Gold Bar", "state": "WA", "longitude": "-121.66644", "zip_code": "98251"}}, {"pk": 30848, "model": "django_geo.zipcode", "fields": {"latitude": "48.070852", "city": "Granite Falls", "state": "WA", "longitude": "-121.82242", "zip_code": "98252"}}, {"pk": 30849, "model": "django_geo.zipcode", "fields": {"latitude": "48.085852", "city": "Greenbank", "state": "WA", "longitude": "-122.57129", "zip_code": "98253"}}, {"pk": 30850, "model": "django_geo.zipcode", "fields": {"latitude": "47.84138", "city": "Index", "state": "WA", "longitude": "-121.50689", "zip_code": "98256"}}, {"pk": 30851, "model": "django_geo.zipcode", "fields": {"latitude": "48.393063", "city": "La Conner", "state": "WA", "longitude": "-122.50476", "zip_code": "98257"}}, {"pk": 30852, "model": "django_geo.zipcode", "fields": {"latitude": "48.028355", "city": "Lake Stevens", "state": "WA", "longitude": "-122.06327", "zip_code": "98258"}}, {"pk": 30853, "model": "django_geo.zipcode", "fields": {"latitude": "48.030555", "city": "Langley", "state": "WA", "longitude": "-122.44856", "zip_code": "98260"}}, {"pk": 30854, "model": "django_geo.zipcode", "fields": {"latitude": "48.481655", "city": "Lopez", "state": "WA", "longitude": "-122.88271", "zip_code": "98261"}}, {"pk": 30855, "model": "django_geo.zipcode", "fields": {"latitude": "48.699642", "city": "Lummi Island", "state": "WA", "longitude": "-122.66658", "zip_code": "98262"}}, {"pk": 30856, "model": "django_geo.zipcode", "fields": {"latitude": "48.943476", "city": "Lynden", "state": "WA", "longitude": "-122.45723", "zip_code": "98264"}}, {"pk": 30857, "model": "django_geo.zipcode", "fields": {"latitude": "48.499159", "city": "Marblemount", "state": "WA", "longitude": "-121.43163", "zip_code": "98267"}}, {"pk": 30858, "model": "django_geo.zipcode", "fields": {"latitude": "48.061269", "city": "Marysville", "state": "WA", "longitude": "-122.1588", "zip_code": "98270"}}, {"pk": 30859, "model": "django_geo.zipcode", "fields": {"latitude": "48.093129", "city": "Marysville", "state": "WA", "longitude": "-122.21614", "zip_code": "98271"}}, {"pk": 30860, "model": "django_geo.zipcode", "fields": {"latitude": "47.860245", "city": "Monroe", "state": "WA", "longitude": "-121.93734", "zip_code": "98272"}}, {"pk": 30861, "model": "django_geo.zipcode", "fields": {"latitude": "48.414576", "city": "Mount Vernon", "state": "WA", "longitude": "-122.35196", "zip_code": "98273"}}, {"pk": 30862, "model": "django_geo.zipcode", "fields": {"latitude": "48.371026", "city": "Mount Vernon", "state": "WA", "longitude": "-122.24432", "zip_code": "98274"}}, {"pk": 30863, "model": "django_geo.zipcode", "fields": {"latitude": "47.916148", "city": "Mukilteo", "state": "WA", "longitude": "-122.30293", "zip_code": "98275"}}, {"pk": 30864, "model": "django_geo.zipcode", "fields": {"latitude": "48.303774", "city": "Oak Harbor", "state": "WA", "longitude": "-122.65093", "zip_code": "98277"}}, {"pk": 30865, "model": "django_geo.zipcode", "fields": {"latitude": "48.63205", "city": "Olga", "state": "WA", "longitude": "-122.81372", "zip_code": "98279"}}, {"pk": 30866, "model": "django_geo.zipcode", "fields": {"latitude": "48.594255", "city": "Orcas", "state": "WA", "longitude": "-122.91828", "zip_code": "98280"}}, {"pk": 30867, "model": "django_geo.zipcode", "fields": {"latitude": "48.99201", "city": "Point Roberts", "state": "WA", "longitude": "-123.05047", "zip_code": "98281"}}, {"pk": 30868, "model": "django_geo.zipcode", "fields": {"latitude": "48.509814", "city": "Rockport", "state": "WA", "longitude": "-121.48418", "zip_code": "98283"}}, {"pk": 30869, "model": "django_geo.zipcode", "fields": {"latitude": "48.518653", "city": "Sedro Woolley", "state": "WA", "longitude": "-122.16545", "zip_code": "98284"}}, {"pk": 30870, "model": "django_geo.zipcode", "fields": {"latitude": "48.575362", "city": "Shaw Island", "state": "WA", "longitude": "-122.96643", "zip_code": "98286"}}, {"pk": 30871, "model": "django_geo.zipcode", "fields": {"latitude": "47.658047", "city": "Skykomish", "state": "WA", "longitude": "-121.41445", "zip_code": "98288"}}, {"pk": 30872, "model": "django_geo.zipcode", "fields": {"latitude": "47.930902", "city": "Snohomish", "state": "WA", "longitude": "-122.03976", "zip_code": "98290"}}, {"pk": 30873, "model": "django_geo.zipcode", "fields": {"latitude": "48.222046", "city": "Stanwood", "state": "WA", "longitude": "-122.38961", "zip_code": "98292"}}, {"pk": 30874, "model": "django_geo.zipcode", "fields": {"latitude": "47.86527", "city": "Sultan", "state": "WA", "longitude": "-121.78899", "zip_code": "98294"}}, {"pk": 30875, "model": "django_geo.zipcode", "fields": {"latitude": "48.971298", "city": "Sumas", "state": "WA", "longitude": "-122.20146", "zip_code": "98295"}}, {"pk": 30876, "model": "django_geo.zipcode", "fields": {"latitude": "47.846083", "city": "Snohomish", "state": "WA", "longitude": "-122.11068", "zip_code": "98296"}}, {"pk": 30877, "model": "django_geo.zipcode", "fields": {"latitude": "48.701835", "city": "Waldron", "state": "WA", "longitude": "-123.02636", "zip_code": "98297"}}, {"pk": 30878, "model": "django_geo.zipcode", "fields": {"latitude": "48.458113", "city": "Washington", "state": "WA", "longitude": "-122.48964", "zip_code": "982HH"}}, {"pk": 30879, "model": "django_geo.zipcode", "fields": {"latitude": "48.341968", "city": "Washington", "state": "WA", "longitude": "-121.62382", "zip_code": "982XX"}}, {"pk": 30880, "model": "django_geo.zipcode", "fields": {"latitude": "47.16438", "city": "Anderson Island", "state": "WA", "longitude": "-122.69584", "zip_code": "98303"}}, {"pk": 30881, "model": "django_geo.zipcode", "fields": {"latitude": "46.75523", "city": "Ashford", "state": "WA", "longitude": "-122.01544", "zip_code": "98304"}}, {"pk": 30882, "model": "django_geo.zipcode", "fields": {"latitude": "48.066605", "city": "Beaver", "state": "WA", "longitude": "-124.30909", "zip_code": "98305"}}, {"pk": 30883, "model": "django_geo.zipcode", "fields": {"latitude": "47.58675", "city": "Bremerton", "state": "WA", "longitude": "-122.62371", "zip_code": "98310"}}, {"pk": 30884, "model": "django_geo.zipcode", "fields": {"latitude": "47.629717", "city": "Bremerton", "state": "WA", "longitude": "-122.63493", "zip_code": "98311"}}, {"pk": 30885, "model": "django_geo.zipcode", "fields": {"latitude": "47.564437", "city": "Bremerton", "state": "WA", "longitude": "-122.71293", "zip_code": "98312"}}, {"pk": 30886, "model": "django_geo.zipcode", "fields": {"latitude": "47.720777", "city": "Silverdale", "state": "WA", "longitude": "-122.71309", "zip_code": "98315"}}, {"pk": 30887, "model": "django_geo.zipcode", "fields": {"latitude": "47.705616", "city": "Brinnon", "state": "WA", "longitude": "-122.92868", "zip_code": "98320"}}, {"pk": 30888, "model": "django_geo.zipcode", "fields": {"latitude": "47.155649", "city": "Buckley", "state": "WA", "longitude": "-122.05255", "zip_code": "98321"}}, {"pk": 30889, "model": "django_geo.zipcode", "fields": {"latitude": "47.035525", "city": "Carbonado", "state": "WA", "longitude": "-121.951", "zip_code": "98323"}}, {"pk": 30890, "model": "django_geo.zipcode", "fields": {"latitude": "47.974586", "city": "Chimacum", "state": "WA", "longitude": "-122.78382", "zip_code": "98325"}}, {"pk": 30891, "model": "django_geo.zipcode", "fields": {"latitude": "48.181608", "city": "Clallam Bay", "state": "WA", "longitude": "-124.41188", "zip_code": "98326"}}, {"pk": 30892, "model": "django_geo.zipcode", "fields": {"latitude": "47.088719", "city": "Dupont", "state": "WA", "longitude": "-122.64326", "zip_code": "98327"}}, {"pk": 30893, "model": "django_geo.zipcode", "fields": {"latitude": "46.884733", "city": "Eatonville", "state": "WA", "longitude": "-122.29237", "zip_code": "98328"}}, {"pk": 30894, "model": "django_geo.zipcode", "fields": {"latitude": "47.378121", "city": "Gig Harbor", "state": "WA", "longitude": "-122.7222", "zip_code": "98329"}}, {"pk": 30895, "model": "django_geo.zipcode", "fields": {"latitude": "46.761546", "city": "Elbe", "state": "WA", "longitude": "-122.17858", "zip_code": "98330"}}, {"pk": 30896, "model": "django_geo.zipcode", "fields": {"latitude": "47.838423", "city": "Forks", "state": "WA", "longitude": "-124.35888", "zip_code": "98331"}}, {"pk": 30897, "model": "django_geo.zipcode", "fields": {"latitude": "47.364321", "city": "Gig Harbor", "state": "WA", "longitude": "-122.60011", "zip_code": "98332"}}, {"pk": 30898, "model": "django_geo.zipcode", "fields": {"latitude": "47.244053", "city": "Fox Island", "state": "WA", "longitude": "-122.6199", "zip_code": "98333"}}, {"pk": 30899, "model": "django_geo.zipcode", "fields": {"latitude": "47.301252", "city": "Gig Harbor", "state": "WA", "longitude": "-122.60562", "zip_code": "98335"}}, {"pk": 30900, "model": "django_geo.zipcode", "fields": {"latitude": "46.53619", "city": "Glenoma", "state": "WA", "longitude": "-122.11766", "zip_code": "98336"}}, {"pk": 30901, "model": "django_geo.zipcode", "fields": {"latitude": "47.569167", "city": "Bremerton", "state": "WA", "longitude": "-122.63479", "zip_code": "98337"}}, {"pk": 30902, "model": "django_geo.zipcode", "fields": {"latitude": "47.028423", "city": "Graham", "state": "WA", "longitude": "-122.291", "zip_code": "98338"}}, {"pk": 30903, "model": "django_geo.zipcode", "fields": {"latitude": "48.036882", "city": "Port Hadlock", "state": "WA", "longitude": "-122.7599", "zip_code": "98339"}}, {"pk": 30904, "model": "django_geo.zipcode", "fields": {"latitude": "47.910628", "city": "Hansville", "state": "WA", "longitude": "-122.57489", "zip_code": "98340"}}, {"pk": 30905, "model": "django_geo.zipcode", "fields": {"latitude": "47.74878", "city": "Indianola", "state": "WA", "longitude": "-122.53051", "zip_code": "98342"}}, {"pk": 30906, "model": "django_geo.zipcode", "fields": {"latitude": "47.702342", "city": "Keyport", "state": "WA", "longitude": "-122.62554", "zip_code": "98345"}}, {"pk": 30907, "model": "django_geo.zipcode", "fields": {"latitude": "47.807359", "city": "Kingston", "state": "WA", "longitude": "-122.51962", "zip_code": "98346"}}, {"pk": 30908, "model": "django_geo.zipcode", "fields": {"latitude": "47.268551", "city": "Home", "state": "WA", "longitude": "-122.76897", "zip_code": "98349"}}, {"pk": 30909, "model": "django_geo.zipcode", "fields": {"latitude": "47.905815", "city": "La Push", "state": "WA", "longitude": "-124.62202", "zip_code": "98350"}}, {"pk": 30910, "model": "django_geo.zipcode", "fields": {"latitude": "47.200168", "city": "Longbranch", "state": "WA", "longitude": "-122.77537", "zip_code": "98351"}}, {"pk": 30911, "model": "django_geo.zipcode", "fields": {"latitude": "47.553289", "city": "Manchester", "state": "WA", "longitude": "-122.54535", "zip_code": "98353"}}, {"pk": 30912, "model": "django_geo.zipcode", "fields": {"latitude": "47.248208", "city": "Milton", "state": "WA", "longitude": "-122.31737", "zip_code": "98354"}}, {"pk": 30913, "model": "django_geo.zipcode", "fields": {"latitude": "46.711036", "city": "Mineral", "state": "WA", "longitude": "-122.0348", "zip_code": "98355"}}, {"pk": 30914, "model": "django_geo.zipcode", "fields": {"latitude": "46.562676", "city": "Morton", "state": "WA", "longitude": "-122.29514", "zip_code": "98356"}}, {"pk": 30915, "model": "django_geo.zipcode", "fields": {"latitude": "48.35306", "city": "Neah Bay", "state": "WA", "longitude": "-124.64076", "zip_code": "98357"}}, {"pk": 30916, "model": "django_geo.zipcode", "fields": {"latitude": "48.058323", "city": "Nordland", "state": "WA", "longitude": "-122.68794", "zip_code": "98358"}}, {"pk": 30917, "model": "django_geo.zipcode", "fields": {"latitude": "47.43025", "city": "Olalla", "state": "WA", "longitude": "-122.57159", "zip_code": "98359"}}, {"pk": 30918, "model": "django_geo.zipcode", "fields": {"latitude": "47.039607", "city": "Orting", "state": "WA", "longitude": "-122.14691", "zip_code": "98360"}}, {"pk": 30919, "model": "django_geo.zipcode", "fields": {"latitude": "46.580048", "city": "Packwood", "state": "WA", "longitude": "-121.61674", "zip_code": "98361"}}, {"pk": 30920, "model": "django_geo.zipcode", "fields": {"latitude": "48.097144", "city": "Port Angeles", "state": "WA", "longitude": "-123.40628", "zip_code": "98362"}}, {"pk": 30921, "model": "django_geo.zipcode", "fields": {"latitude": "48.102836", "city": "Port Angeles", "state": "WA", "longitude": "-123.63765", "zip_code": "98363"}}, {"pk": 30922, "model": "django_geo.zipcode", "fields": {"latitude": "47.854503", "city": "Port Gamble", "state": "WA", "longitude": "-122.59122", "zip_code": "98364"}}, {"pk": 30923, "model": "django_geo.zipcode", "fields": {"latitude": "47.907561", "city": "Port Ludlow", "state": "WA", "longitude": "-122.69416", "zip_code": "98365"}}, {"pk": 30924, "model": "django_geo.zipcode", "fields": {"latitude": "47.53587", "city": "South Park Villa", "state": "WA", "longitude": "-122.59905", "zip_code": "98366"}}, {"pk": 30925, "model": "django_geo.zipcode", "fields": {"latitude": "47.470971", "city": "Port Orchard", "state": "WA", "longitude": "-122.66335", "zip_code": "98367"}}, {"pk": 30926, "model": "django_geo.zipcode", "fields": {"latitude": "48.100255", "city": "Port Townsend", "state": "WA", "longitude": "-122.79736", "zip_code": "98368"}}, {"pk": 30927, "model": "django_geo.zipcode", "fields": {"latitude": "47.743302", "city": "Poulsbo", "state": "WA", "longitude": "-122.63041", "zip_code": "98370"}}, {"pk": 30928, "model": "django_geo.zipcode", "fields": {"latitude": "47.196272", "city": "Puyallup", "state": "WA", "longitude": "-122.31577", "zip_code": "98371"}}, {"pk": 30929, "model": "django_geo.zipcode", "fields": {"latitude": "47.198591", "city": "Puyallup", "state": "WA", "longitude": "-122.27131", "zip_code": "98372"}}, {"pk": 30930, "model": "django_geo.zipcode", "fields": {"latitude": "47.147862", "city": "Puyallup", "state": "WA", "longitude": "-122.31864", "zip_code": "98373"}}, {"pk": 30931, "model": "django_geo.zipcode", "fields": {"latitude": "47.140045", "city": "Puyallup", "state": "WA", "longitude": "-122.26012", "zip_code": "98374"}}, {"pk": 30932, "model": "django_geo.zipcode", "fields": {"latitude": "47.112477", "city": "Puyallup", "state": "WA", "longitude": "-122.32247", "zip_code": "98375"}}, {"pk": 30933, "model": "django_geo.zipcode", "fields": {"latitude": "47.826111", "city": "Quilcene", "state": "WA", "longitude": "-122.85233", "zip_code": "98376"}}, {"pk": 30934, "model": "django_geo.zipcode", "fields": {"latitude": "46.525156", "city": "Randle", "state": "WA", "longitude": "-121.85094", "zip_code": "98377"}}, {"pk": 30935, "model": "django_geo.zipcode", "fields": {"latitude": "47.596122", "city": "Seabeck", "state": "WA", "longitude": "-122.89456", "zip_code": "98380"}}, {"pk": 30936, "model": "django_geo.zipcode", "fields": {"latitude": "48.283826", "city": "Sekiu", "state": "WA", "longitude": "-124.37144", "zip_code": "98381"}}, {"pk": 30937, "model": "django_geo.zipcode", "fields": {"latitude": "48.079979", "city": "Sequim", "state": "WA", "longitude": "-123.09916", "zip_code": "98382"}}, {"pk": 30938, "model": "django_geo.zipcode", "fields": {"latitude": "47.667257", "city": "Silverdale", "state": "WA", "longitude": "-122.69055", "zip_code": "98383"}}, {"pk": 30939, "model": "django_geo.zipcode", "fields": {"latitude": "47.138345", "city": "South Prairie", "state": "WA", "longitude": "-122.09819", "zip_code": "98385"}}, {"pk": 30940, "model": "django_geo.zipcode", "fields": {"latitude": "47.077796", "city": "Spanaway", "state": "WA", "longitude": "-122.40517", "zip_code": "98387"}}, {"pk": 30941, "model": "django_geo.zipcode", "fields": {"latitude": "47.164965", "city": "Steilacoom", "state": "WA", "longitude": "-122.6005", "zip_code": "98388"}}, {"pk": 30942, "model": "django_geo.zipcode", "fields": {"latitude": "47.196364", "city": "Bonney Lake", "state": "WA", "longitude": "-122.1887", "zip_code": "98390"}}, {"pk": 30943, "model": "django_geo.zipcode", "fields": {"latitude": "47.735065", "city": "Suquamish", "state": "WA", "longitude": "-122.55751", "zip_code": "98392"}}, {"pk": 30944, "model": "django_geo.zipcode", "fields": {"latitude": "47.336226", "city": "Vaughn", "state": "WA", "longitude": "-122.78309", "zip_code": "98394"}}, {"pk": 30945, "model": "django_geo.zipcode", "fields": {"latitude": "47.106024", "city": "Wilkeson", "state": "WA", "longitude": "-122.0451", "zip_code": "98396"}}, {"pk": 30946, "model": "django_geo.zipcode", "fields": {"latitude": "47.651664", "city": "Washington", "state": "WA", "longitude": "-122.93441", "zip_code": "983HH"}}, {"pk": 30947, "model": "django_geo.zipcode", "fields": {"latitude": "47.621401", "city": "Washington", "state": "WA", "longitude": "-123.11081", "zip_code": "983XX"}}, {"pk": 30948, "model": "django_geo.zipcode", "fields": {"latitude": "47.247671", "city": "Tacoma", "state": "WA", "longitude": "-122.43971", "zip_code": "98402"}}, {"pk": 30949, "model": "django_geo.zipcode", "fields": {"latitude": "47.263971", "city": "Tacoma", "state": "WA", "longitude": "-122.45879", "zip_code": "98403"}}, {"pk": 30950, "model": "django_geo.zipcode", "fields": {"latitude": "47.212421", "city": "Tacoma", "state": "WA", "longitude": "-122.4156", "zip_code": "98404"}}, {"pk": 30951, "model": "django_geo.zipcode", "fields": {"latitude": "47.248953", "city": "Tacoma", "state": "WA", "longitude": "-122.46599", "zip_code": "98405"}}, {"pk": 30952, "model": "django_geo.zipcode", "fields": {"latitude": "47.26302", "city": "Tacoma", "state": "WA", "longitude": "-122.49518", "zip_code": "98406"}}, {"pk": 30953, "model": "django_geo.zipcode", "fields": {"latitude": "47.28392", "city": "Tacoma", "state": "WA", "longitude": "-122.50433", "zip_code": "98407"}}, {"pk": 30954, "model": "django_geo.zipcode", "fields": {"latitude": "47.209021", "city": "Tacoma", "state": "WA", "longitude": "-122.44498", "zip_code": "98408"}}, {"pk": 30955, "model": "django_geo.zipcode", "fields": {"latitude": "47.208987", "city": "Tacoma", "state": "WA", "longitude": "-122.48053", "zip_code": "98409"}}, {"pk": 30956, "model": "django_geo.zipcode", "fields": {"latitude": "47.250681", "city": "Tacoma", "state": "WA", "longitude": "-122.41213", "zip_code": "98421"}}, {"pk": 30957, "model": "django_geo.zipcode", "fields": {"latitude": "47.296007", "city": "Tacoma", "state": "WA", "longitude": "-122.39835", "zip_code": "98422"}}, {"pk": 30958, "model": "django_geo.zipcode", "fields": {"latitude": "47.242186", "city": "Fife", "state": "WA", "longitude": "-122.35916", "zip_code": "98424"}}, {"pk": 30959, "model": "django_geo.zipcode", "fields": {"latitude": "47.080682", "city": "Fort Lewis", "state": "WA", "longitude": "-122.57987", "zip_code": "98433"}}, {"pk": 30960, "model": "django_geo.zipcode", "fields": {"latitude": "47.12562", "city": "Lakewood Center", "state": "WA", "longitude": "-122.52294", "zip_code": "98439"}}, {"pk": 30961, "model": "django_geo.zipcode", "fields": {"latitude": "47.202874", "city": "Tacoma", "state": "WA", "longitude": "-122.37678", "zip_code": "98443"}}, {"pk": 30962, "model": "django_geo.zipcode", "fields": {"latitude": "47.153571", "city": "Parkland", "state": "WA", "longitude": "-122.4485", "zip_code": "98444"}}, {"pk": 30963, "model": "django_geo.zipcode", "fields": {"latitude": "47.148269", "city": "Parkland", "state": "WA", "longitude": "-122.41196", "zip_code": "98445"}}, {"pk": 30964, "model": "django_geo.zipcode", "fields": {"latitude": "47.1309", "city": "Parkland", "state": "WA", "longitude": "-122.37589", "zip_code": "98446"}}, {"pk": 30965, "model": "django_geo.zipcode", "fields": {"latitude": "47.247735", "city": "Tacoma", "state": "WA", "longitude": "-122.52818", "zip_code": "98465"}}, {"pk": 30966, "model": "django_geo.zipcode", "fields": {"latitude": "47.230402", "city": "Fircrest", "state": "WA", "longitude": "-122.53272", "zip_code": "98466"}}, {"pk": 30967, "model": "django_geo.zipcode", "fields": {"latitude": "47.203946", "city": "Tacoma", "state": "WA", "longitude": "-122.52996", "zip_code": "98467"}}, {"pk": 30968, "model": "django_geo.zipcode", "fields": {"latitude": "47.16062", "city": "Lakewood Center", "state": "WA", "longitude": "-122.55877", "zip_code": "98498"}}, {"pk": 30969, "model": "django_geo.zipcode", "fields": {"latitude": "47.16632", "city": "Lakewood Center", "state": "WA", "longitude": "-122.50844", "zip_code": "98499"}}, {"pk": 30970, "model": "django_geo.zipcode", "fields": {"latitude": "47.242799", "city": "Washington", "state": "WA", "longitude": "-122.43158", "zip_code": "984HH"}}, {"pk": 30971, "model": "django_geo.zipcode", "fields": {"latitude": "47.014718", "city": "Olympia", "state": "WA", "longitude": "-122.8819", "zip_code": "98501"}}, {"pk": 30972, "model": "django_geo.zipcode", "fields": {"latitude": "47.071484", "city": "Olympia", "state": "WA", "longitude": "-122.97702", "zip_code": "98502"}}, {"pk": 30973, "model": "django_geo.zipcode", "fields": {"latitude": "47.027082", "city": "Lacey", "state": "WA", "longitude": "-122.80359", "zip_code": "98503"}}, {"pk": 30974, "model": "django_geo.zipcode", "fields": {"latitude": "47.069339", "city": "Lacey", "state": "WA", "longitude": "-122.87249", "zip_code": "98506"}}, {"pk": 30975, "model": "django_geo.zipcode", "fields": {"latitude": "46.969793", "city": "Olympia", "state": "WA", "longitude": "-122.99802", "zip_code": "98512"}}, {"pk": 30976, "model": "django_geo.zipcode", "fields": {"latitude": "47.00581", "city": "Olympia", "state": "WA", "longitude": "-122.75285", "zip_code": "98513"}}, {"pk": 30977, "model": "django_geo.zipcode", "fields": {"latitude": "47.085046", "city": "Olympia", "state": "WA", "longitude": "-122.78376", "zip_code": "98516"}}, {"pk": 30978, "model": "django_geo.zipcode", "fields": {"latitude": "46.972965", "city": "Aberdeen", "state": "WA", "longitude": "-123.81923", "zip_code": "98520"}}, {"pk": 30979, "model": "django_geo.zipcode", "fields": {"latitude": "47.374343", "city": "Allyn", "state": "WA", "longitude": "-122.8388", "zip_code": "98524"}}, {"pk": 30980, "model": "django_geo.zipcode", "fields": {"latitude": "47.463965", "city": "Amanda Park", "state": "WA", "longitude": "-124.02938", "zip_code": "98526"}}, {"pk": 30981, "model": "django_geo.zipcode", "fields": {"latitude": "46.630051", "city": "Bay Center", "state": "WA", "longitude": "-123.95463", "zip_code": "98527"}}, {"pk": 30982, "model": "django_geo.zipcode", "fields": {"latitude": "47.445292", "city": "Bear Creek", "state": "WA", "longitude": "-122.88417", "zip_code": "98528"}}, {"pk": 30983, "model": "django_geo.zipcode", "fields": {"latitude": "46.797382", "city": "Bucoda", "state": "WA", "longitude": "-122.85123", "zip_code": "98530"}}, {"pk": 30984, "model": "django_geo.zipcode", "fields": {"latitude": "46.728383", "city": "Centralia", "state": "WA", "longitude": "-122.95142", "zip_code": "98531"}}, {"pk": 30985, "model": "django_geo.zipcode", "fields": {"latitude": "46.630721", "city": "Chehalis", "state": "WA", "longitude": "-123.01599", "zip_code": "98532"}}, {"pk": 30986, "model": "django_geo.zipcode", "fields": {"latitude": "46.588026", "city": "Cinebar", "state": "WA", "longitude": "-122.53345", "zip_code": "98533"}}, {"pk": 30987, "model": "django_geo.zipcode", "fields": {"latitude": "47.118566", "city": "Copalis Beach", "state": "WA", "longitude": "-124.16027", "zip_code": "98535"}}, {"pk": 30988, "model": "django_geo.zipcode", "fields": {"latitude": "47.179475", "city": "Copalis Crossing", "state": "WA", "longitude": "-124.14241", "zip_code": "98536"}}, {"pk": 30989, "model": "django_geo.zipcode", "fields": {"latitude": "46.899189", "city": "Cosmopolis", "state": "WA", "longitude": "-123.6907", "zip_code": "98537"}}, {"pk": 30990, "model": "django_geo.zipcode", "fields": {"latitude": "46.483547", "city": "Curtis", "state": "WA", "longitude": "-123.1016", "zip_code": "98538"}}, {"pk": 30991, "model": "django_geo.zipcode", "fields": {"latitude": "46.637787", "city": "Doty", "state": "WA", "longitude": "-123.2798", "zip_code": "98539"}}, {"pk": 30992, "model": "django_geo.zipcode", "fields": {"latitude": "47.03575", "city": "Elma", "state": "WA", "longitude": "-123.40713", "zip_code": "98541"}}, {"pk": 30993, "model": "django_geo.zipcode", "fields": {"latitude": "46.532624", "city": "Ethel", "state": "WA", "longitude": "-122.74407", "zip_code": "98542"}}, {"pk": 30994, "model": "django_geo.zipcode", "fields": {"latitude": "47.321442", "city": "Grapeview", "state": "WA", "longitude": "-122.92935", "zip_code": "98546"}}, {"pk": 30995, "model": "django_geo.zipcode", "fields": {"latitude": "46.781978", "city": "Grayland", "state": "WA", "longitude": "-124.08111", "zip_code": "98547"}}, {"pk": 30996, "model": "django_geo.zipcode", "fields": {"latitude": "47.446725", "city": "Hoodsport", "state": "WA", "longitude": "-123.21175", "zip_code": "98548"}}, {"pk": 30997, "model": "django_geo.zipcode", "fields": {"latitude": "47.026913", "city": "Hoquiam", "state": "WA", "longitude": "-123.91732", "zip_code": "98550"}}, {"pk": 30998, "model": "django_geo.zipcode", "fields": {"latitude": "47.355226", "city": "Humptulips", "state": "WA", "longitude": "-123.90189", "zip_code": "98552"}}, {"pk": 30999, "model": "django_geo.zipcode", "fields": {"latitude": "47.521614", "city": "Lilliwaup", "state": "WA", "longitude": "-123.06888", "zip_code": "98555"}}, {"pk": 31000, "model": "django_geo.zipcode", "fields": {"latitude": "47.054419", "city": "Mc Cleary", "state": "WA", "longitude": "-123.2739", "zip_code": "98557"}}, {"pk": 31001, "model": "django_geo.zipcode", "fields": {"latitude": "46.959091", "city": "Malone", "state": "WA", "longitude": "-123.32595", "zip_code": "98559"}}, {"pk": 31002, "model": "django_geo.zipcode", "fields": {"latitude": "47.26332", "city": "Matlock", "state": "WA", "longitude": "-123.43097", "zip_code": "98560"}}, {"pk": 31003, "model": "django_geo.zipcode", "fields": {"latitude": "47.254009", "city": "Moclips", "state": "WA", "longitude": "-124.20789", "zip_code": "98562"}}, {"pk": 31004, "model": "django_geo.zipcode", "fields": {"latitude": "47.034615", "city": "Montesano", "state": "WA", "longitude": "-123.60332", "zip_code": "98563"}}, {"pk": 31005, "model": "django_geo.zipcode", "fields": {"latitude": "46.50494", "city": "Mossyrock", "state": "WA", "longitude": "-122.48668", "zip_code": "98564"}}, {"pk": 31006, "model": "django_geo.zipcode", "fields": {"latitude": "46.580105", "city": "Napavine", "state": "WA", "longitude": "-122.90699", "zip_code": "98565"}}, {"pk": 31007, "model": "django_geo.zipcode", "fields": {"latitude": "46.84066", "city": "Oakville", "state": "WA", "longitude": "-123.25649", "zip_code": "98568"}}, {"pk": 31008, "model": "django_geo.zipcode", "fields": {"latitude": "46.983877", "city": "Ocean City", "state": "WA", "longitude": "-124.15607", "zip_code": "98569"}}, {"pk": 31009, "model": "django_geo.zipcode", "fields": {"latitude": "46.593526", "city": "Onalaska", "state": "WA", "longitude": "-122.65346", "zip_code": "98570"}}, {"pk": 31010, "model": "django_geo.zipcode", "fields": {"latitude": "47.216861", "city": "Pacific Beach", "state": "WA", "longitude": "-124.1974", "zip_code": "98571"}}, {"pk": 31011, "model": "django_geo.zipcode", "fields": {"latitude": "46.569107", "city": "Pe Ell", "state": "WA", "longitude": "-123.30578", "zip_code": "98572"}}, {"pk": 31012, "model": "django_geo.zipcode", "fields": {"latitude": "47.489864", "city": "Quinault", "state": "WA", "longitude": "-123.81031", "zip_code": "98575"}}, {"pk": 31013, "model": "django_geo.zipcode", "fields": {"latitude": "46.871178", "city": "Rainier", "state": "WA", "longitude": "-122.67573", "zip_code": "98576"}}, {"pk": 31014, "model": "django_geo.zipcode", "fields": {"latitude": "46.668744", "city": "Raymond", "state": "WA", "longitude": "-123.67708", "zip_code": "98577"}}, {"pk": 31015, "model": "django_geo.zipcode", "fields": {"latitude": "46.814438", "city": "Rochester", "state": "WA", "longitude": "-123.08647", "zip_code": "98579"}}, {"pk": 31016, "model": "django_geo.zipcode", "fields": {"latitude": "46.954282", "city": "Roy", "state": "WA", "longitude": "-122.48754", "zip_code": "98580"}}, {"pk": 31017, "model": "django_geo.zipcode", "fields": {"latitude": "46.373347", "city": "Ryderwood", "state": "WA", "longitude": "-123.05308", "zip_code": "98581"}}, {"pk": 31018, "model": "django_geo.zipcode", "fields": {"latitude": "46.513653", "city": "Salkum", "state": "WA", "longitude": "-122.62556", "zip_code": "98582"}}, {"pk": 31019, "model": "django_geo.zipcode", "fields": {"latitude": "47.224044", "city": "Shelton", "state": "WA", "longitude": "-123.10538", "zip_code": "98584"}}, {"pk": 31020, "model": "django_geo.zipcode", "fields": {"latitude": "46.528282", "city": "Silver Creek", "state": "WA", "longitude": "-122.57616", "zip_code": "98585"}}, {"pk": 31021, "model": "django_geo.zipcode", "fields": {"latitude": "46.560786", "city": "South Bend", "state": "WA", "longitude": "-123.85214", "zip_code": "98586"}}, {"pk": 31022, "model": "django_geo.zipcode", "fields": {"latitude": "47.32251", "city": "Taholah", "state": "WA", "longitude": "-124.25814", "zip_code": "98587"}}, {"pk": 31023, "model": "django_geo.zipcode", "fields": {"latitude": "47.433993", "city": "Tahuya", "state": "WA", "longitude": "-123.02078", "zip_code": "98588"}}, {"pk": 31024, "model": "django_geo.zipcode", "fields": {"latitude": "46.857968", "city": "Tenino", "state": "WA", "longitude": "-122.8326", "zip_code": "98589"}}, {"pk": 31025, "model": "django_geo.zipcode", "fields": {"latitude": "46.737458", "city": "Tokeland", "state": "WA", "longitude": "-123.98121", "zip_code": "98590"}}, {"pk": 31026, "model": "django_geo.zipcode", "fields": {"latitude": "46.433226", "city": "Toledo", "state": "WA", "longitude": "-122.80083", "zip_code": "98591"}}, {"pk": 31027, "model": "django_geo.zipcode", "fields": {"latitude": "47.33179", "city": "Union", "state": "WA", "longitude": "-123.07403", "zip_code": "98592"}}, {"pk": 31028, "model": "django_geo.zipcode", "fields": {"latitude": "46.40521", "city": "Vader", "state": "WA", "longitude": "-122.9827", "zip_code": "98593"}}, {"pk": 31029, "model": "django_geo.zipcode", "fields": {"latitude": "46.887187", "city": "Westport", "state": "WA", "longitude": "-124.10735", "zip_code": "98595"}}, {"pk": 31030, "model": "django_geo.zipcode", "fields": {"latitude": "46.493247", "city": "Winlock", "state": "WA", "longitude": "-122.92262", "zip_code": "98596"}}, {"pk": 31031, "model": "django_geo.zipcode", "fields": {"latitude": "46.893352", "city": "Yelm", "state": "WA", "longitude": "-122.56719", "zip_code": "98597"}}, {"pk": 31032, "model": "django_geo.zipcode", "fields": {"latitude": "46.9774", "city": "Washington", "state": "WA", "longitude": "-123.46011", "zip_code": "985HH"}}, {"pk": 31033, "model": "django_geo.zipcode", "fields": {"latitude": "46.857471", "city": "Washington", "state": "WA", "longitude": "-123.22847", "zip_code": "985XX"}}, {"pk": 31034, "model": "django_geo.zipcode", "fields": {"latitude": "45.935656", "city": "Amboy", "state": "WA", "longitude": "-122.43726", "zip_code": "98601"}}, {"pk": 31035, "model": "django_geo.zipcode", "fields": {"latitude": "45.844123", "city": "Appleton", "state": "WA", "longitude": "-121.29141", "zip_code": "98602"}}, {"pk": 31036, "model": "django_geo.zipcode", "fields": {"latitude": "46.001752", "city": "Ariel", "state": "WA", "longitude": "-122.45624", "zip_code": "98603"}}, {"pk": 31037, "model": "django_geo.zipcode", "fields": {"latitude": "45.791345", "city": "Battle Ground", "state": "WA", "longitude": "-122.51789", "zip_code": "98604"}}, {"pk": 31038, "model": "django_geo.zipcode", "fields": {"latitude": "45.719294", "city": "Cook", "state": "WA", "longitude": "-121.47838", "zip_code": "98605"}}, {"pk": 31039, "model": "django_geo.zipcode", "fields": {"latitude": "45.73451", "city": "Brush Prairie", "state": "WA", "longitude": "-122.48034", "zip_code": "98606"}}, {"pk": 31040, "model": "django_geo.zipcode", "fields": {"latitude": "45.60916", "city": "Camas", "state": "WA", "longitude": "-122.40547", "zip_code": "98607"}}, {"pk": 31041, "model": "django_geo.zipcode", "fields": {"latitude": "45.801513", "city": "Carson", "state": "WA", "longitude": "-121.91147", "zip_code": "98610"}}, {"pk": 31042, "model": "django_geo.zipcode", "fields": {"latitude": "46.308371", "city": "Castle Rock", "state": "WA", "longitude": "-122.8987", "zip_code": "98611"}}, {"pk": 31043, "model": "django_geo.zipcode", "fields": {"latitude": "46.208318", "city": "Cathlamet", "state": "WA", "longitude": "-123.34624", "zip_code": "98612"}}, {"pk": 31044, "model": "django_geo.zipcode", "fields": {"latitude": "45.722786", "city": "Centerville", "state": "WA", "longitude": "-120.96163", "zip_code": "98613"}}, {"pk": 31045, "model": "django_geo.zipcode", "fields": {"latitude": "46.282397", "city": "Chinook", "state": "WA", "longitude": "-123.93844", "zip_code": "98614"}}, {"pk": 31046, "model": "django_geo.zipcode", "fields": {"latitude": "46.06517", "city": "Cougar", "state": "WA", "longitude": "-122.29411", "zip_code": "98616"}}, {"pk": 31047, "model": "django_geo.zipcode", "fields": {"latitude": "45.632051", "city": "Dallesport", "state": "WA", "longitude": "-121.16835", "zip_code": "98617"}}, {"pk": 31048, "model": "django_geo.zipcode", "fields": {"latitude": "46.018228", "city": "Glenwood", "state": "WA", "longitude": "-121.28904", "zip_code": "98619"}}, {"pk": 31049, "model": "django_geo.zipcode", "fields": {"latitude": "45.846697", "city": "Goldendale", "state": "WA", "longitude": "-120.75703", "zip_code": "98620"}}, {"pk": 31050, "model": "django_geo.zipcode", "fields": {"latitude": "46.348706", "city": "Grays River", "state": "WA", "longitude": "-123.58307", "zip_code": "98621"}}, {"pk": 31051, "model": "django_geo.zipcode", "fields": {"latitude": "46.312541", "city": "Ilwaco", "state": "WA", "longitude": "-124.02968", "zip_code": "98624"}}, {"pk": 31052, "model": "django_geo.zipcode", "fields": {"latitude": "46.015873", "city": "Kalama", "state": "WA", "longitude": "-122.79718", "zip_code": "98625"}}, {"pk": 31053, "model": "django_geo.zipcode", "fields": {"latitude": "46.150433", "city": "Kelso", "state": "WA", "longitude": "-122.88566", "zip_code": "98626"}}, {"pk": 31054, "model": "django_geo.zipcode", "fields": {"latitude": "45.82786", "city": "Klickitat", "state": "WA", "longitude": "-121.09804", "zip_code": "98628"}}, {"pk": 31055, "model": "django_geo.zipcode", "fields": {"latitude": "45.8768", "city": "La Center", "state": "WA", "longitude": "-122.62193", "zip_code": "98629"}}, {"pk": 31056, "model": "django_geo.zipcode", "fields": {"latitude": "46.365773", "city": "Long Beach", "state": "WA", "longitude": "-124.05022", "zip_code": "98631"}}, {"pk": 31057, "model": "django_geo.zipcode", "fields": {"latitude": "46.156082", "city": "Longview", "state": "WA", "longitude": "-122.98043", "zip_code": "98632"}}, {"pk": 31058, "model": "django_geo.zipcode", "fields": {"latitude": "45.726451", "city": "Lyle", "state": "WA", "longitude": "-121.19784", "zip_code": "98635"}}, {"pk": 31059, "model": "django_geo.zipcode", "fields": {"latitude": "46.370075", "city": "Naselle", "state": "WA", "longitude": "-123.76506", "zip_code": "98638"}}, {"pk": 31060, "model": "django_geo.zipcode", "fields": {"latitude": "45.650041", "city": "North Bonneville", "state": "WA", "longitude": "-121.97167", "zip_code": "98639"}}, {"pk": 31061, "model": "django_geo.zipcode", "fields": {"latitude": "46.501781", "city": "Ocean Park", "state": "WA", "longitude": "-124.04801", "zip_code": "98640"}}, {"pk": 31062, "model": "django_geo.zipcode", "fields": {"latitude": "46.554", "city": "Oysterville", "state": "WA", "longitude": "-124.02626", "zip_code": "98641"}}, {"pk": 31063, "model": "django_geo.zipcode", "fields": {"latitude": "45.795825", "city": "Ridgefield", "state": "WA", "longitude": "-122.69804", "zip_code": "98642"}}, {"pk": 31064, "model": "django_geo.zipcode", "fields": {"latitude": "46.302905", "city": "Rosburg", "state": "WA", "longitude": "-123.62473", "zip_code": "98643"}}, {"pk": 31065, "model": "django_geo.zipcode", "fields": {"latitude": "46.332077", "city": "Seaview", "state": "WA", "longitude": "-124.05517", "zip_code": "98644"}}, {"pk": 31066, "model": "django_geo.zipcode", "fields": {"latitude": "46.318482", "city": "Silverlake", "state": "WA", "longitude": "-122.7757", "zip_code": "98645"}}, {"pk": 31067, "model": "django_geo.zipcode", "fields": {"latitude": "46.296658", "city": "Skamokawa", "state": "WA", "longitude": "-123.46828", "zip_code": "98647"}}, {"pk": 31068, "model": "django_geo.zipcode", "fields": {"latitude": "45.669604", "city": "Stevenson", "state": "WA", "longitude": "-121.91332", "zip_code": "98648"}}, {"pk": 31069, "model": "django_geo.zipcode", "fields": {"latitude": "46.352771", "city": "Toutle", "state": "WA", "longitude": "-122.66054", "zip_code": "98649"}}, {"pk": 31070, "model": "django_geo.zipcode", "fields": {"latitude": "45.981582", "city": "Trout Lake", "state": "WA", "longitude": "-121.5395", "zip_code": "98650"}}, {"pk": 31071, "model": "django_geo.zipcode", "fields": {"latitude": "45.730656", "city": "Underwood", "state": "WA", "longitude": "-121.57558", "zip_code": "98651"}}, {"pk": 31072, "model": "django_geo.zipcode", "fields": {"latitude": "45.652255", "city": "Vancouver", "state": "WA", "longitude": "-122.69009", "zip_code": "98660"}}, {"pk": 31073, "model": "django_geo.zipcode", "fields": {"latitude": "45.63873", "city": "Vancouver", "state": "WA", "longitude": "-122.62846", "zip_code": "98661"}}, {"pk": 31074, "model": "django_geo.zipcode", "fields": {"latitude": "45.671806", "city": "Orchards", "state": "WA", "longitude": "-122.57894", "zip_code": "98662"}}, {"pk": 31075, "model": "django_geo.zipcode", "fields": {"latitude": "45.647667", "city": "Vancouver", "state": "WA", "longitude": "-122.66162", "zip_code": "98663"}}, {"pk": 31076, "model": "django_geo.zipcode", "fields": {"latitude": "45.62104", "city": "Vancouver", "state": "WA", "longitude": "-122.57947", "zip_code": "98664"}}, {"pk": 31077, "model": "django_geo.zipcode", "fields": {"latitude": "45.681271", "city": "Hazel Dell", "state": "WA", "longitude": "-122.66712", "zip_code": "98665"}}, {"pk": 31078, "model": "django_geo.zipcode", "fields": {"latitude": "45.859065", "city": "Wahkiacus", "state": "WA", "longitude": "-121.14615", "zip_code": "98670"}}, {"pk": 31079, "model": "django_geo.zipcode", "fields": {"latitude": "45.594465", "city": "Washougal", "state": "WA", "longitude": "-122.28112", "zip_code": "98671"}}, {"pk": 31080, "model": "django_geo.zipcode", "fields": {"latitude": "45.786727", "city": "White Salmon", "state": "WA", "longitude": "-121.47523", "zip_code": "98672"}}, {"pk": 31081, "model": "django_geo.zipcode", "fields": {"latitude": "45.661878", "city": "Wishram", "state": "WA", "longitude": "-120.94997", "zip_code": "98673"}}, {"pk": 31082, "model": "django_geo.zipcode", "fields": {"latitude": "45.928662", "city": "Woodland", "state": "WA", "longitude": "-122.70284", "zip_code": "98674"}}, {"pk": 31083, "model": "django_geo.zipcode", "fields": {"latitude": "45.843674", "city": "Yacolt", "state": "WA", "longitude": "-122.39221", "zip_code": "98675"}}, {"pk": 31084, "model": "django_geo.zipcode", "fields": {"latitude": "45.67309", "city": "Vancouver", "state": "WA", "longitude": "-122.51319", "zip_code": "98682"}}, {"pk": 31085, "model": "django_geo.zipcode", "fields": {"latitude": "45.604075", "city": "Vancouver", "state": "WA", "longitude": "-122.51035", "zip_code": "98683"}}, {"pk": 31086, "model": "django_geo.zipcode", "fields": {"latitude": "45.627459", "city": "Cascade Park", "state": "WA", "longitude": "-122.52023", "zip_code": "98684"}}, {"pk": 31087, "model": "django_geo.zipcode", "fields": {"latitude": "45.709555", "city": "Felida", "state": "WA", "longitude": "-122.68473", "zip_code": "98685"}}, {"pk": 31088, "model": "django_geo.zipcode", "fields": {"latitude": "45.712623", "city": "Vancouver", "state": "WA", "longitude": "-122.63419", "zip_code": "98686"}}, {"pk": 31089, "model": "django_geo.zipcode", "fields": {"latitude": "45.944483", "city": "Washington", "state": "WA", "longitude": "-122.79023", "zip_code": "986HH"}}, {"pk": 31090, "model": "django_geo.zipcode", "fields": {"latitude": "46.084845", "city": "Washington", "state": "WA", "longitude": "-122.08053", "zip_code": "986XX"}}, {"pk": 31091, "model": "django_geo.zipcode", "fields": {"latitude": "47.425497", "city": "Wenatchee", "state": "WA", "longitude": "-120.32881", "zip_code": "98801"}}, {"pk": 31092, "model": "django_geo.zipcode", "fields": {"latitude": "47.436898", "city": "East Wenatchee", "state": "WA", "longitude": "-120.25742", "zip_code": "98802"}}, {"pk": 31093, "model": "django_geo.zipcode", "fields": {"latitude": "47.737028", "city": "Ardenvoir", "state": "WA", "longitude": "-120.37126", "zip_code": "98811"}}, {"pk": 31094, "model": "django_geo.zipcode", "fields": {"latitude": "48.112268", "city": "Brewster", "state": "WA", "longitude": "-119.75203", "zip_code": "98812"}}, {"pk": 31095, "model": "django_geo.zipcode", "fields": {"latitude": "47.999618", "city": "Bridgeport", "state": "WA", "longitude": "-119.66129", "zip_code": "98813"}}, {"pk": 31096, "model": "django_geo.zipcode", "fields": {"latitude": "48.231421", "city": "Carlton", "state": "WA", "longitude": "-120.12065", "zip_code": "98814"}}, {"pk": 31097, "model": "django_geo.zipcode", "fields": {"latitude": "47.522546", "city": "Cashmere", "state": "WA", "longitude": "-120.48966", "zip_code": "98815"}}, {"pk": 31098, "model": "django_geo.zipcode", "fields": {"latitude": "47.880774", "city": "Chelan", "state": "WA", "longitude": "-120.08379", "zip_code": "98816"}}, {"pk": 31099, "model": "django_geo.zipcode", "fields": {"latitude": "47.79955", "city": "Chelan Falls", "state": "WA", "longitude": "-119.98921", "zip_code": "98817"}}, {"pk": 31100, "model": "django_geo.zipcode", "fields": {"latitude": "48.559477", "city": "Conconully", "state": "WA", "longitude": "-119.75474", "zip_code": "98819"}}, {"pk": 31101, "model": "django_geo.zipcode", "fields": {"latitude": "47.541723", "city": "Dryden", "state": "WA", "longitude": "-120.5614", "zip_code": "98821"}}, {"pk": 31102, "model": "django_geo.zipcode", "fields": {"latitude": "47.782158", "city": "Entiat", "state": "WA", "longitude": "-120.35944", "zip_code": "98822"}}, {"pk": 31103, "model": "django_geo.zipcode", "fields": {"latitude": "47.297368", "city": "Ephrata", "state": "WA", "longitude": "-119.57129", "zip_code": "98823"}}, {"pk": 31104, "model": "django_geo.zipcode", "fields": {"latitude": "47.728186", "city": "Leavenworth", "state": "WA", "longitude": "-120.73874", "zip_code": "98826"}}, {"pk": 31105, "model": "django_geo.zipcode", "fields": {"latitude": "48.885618", "city": "Loomis", "state": "WA", "longitude": "-119.68939", "zip_code": "98827"}}, {"pk": 31106, "model": "django_geo.zipcode", "fields": {"latitude": "47.333821", "city": "Malaga", "state": "WA", "longitude": "-120.19929", "zip_code": "98828"}}, {"pk": 31107, "model": "django_geo.zipcode", "fields": {"latitude": "48.267188", "city": "Malott", "state": "WA", "longitude": "-119.73538", "zip_code": "98829"}}, {"pk": 31108, "model": "django_geo.zipcode", "fields": {"latitude": "47.880616", "city": "Mansfield", "state": "WA", "longitude": "-119.54481", "zip_code": "98830"}}, {"pk": 31109, "model": "django_geo.zipcode", "fields": {"latitude": "47.915227", "city": "Manson", "state": "WA", "longitude": "-120.12934", "zip_code": "98831"}}, {"pk": 31110, "model": "django_geo.zipcode", "fields": {"latitude": "47.290624", "city": "Marlin", "state": "WA", "longitude": "-119.03268", "zip_code": "98832"}}, {"pk": 31111, "model": "django_geo.zipcode", "fields": {"latitude": "48.634796", "city": "Mazama", "state": "WA", "longitude": "-120.47681", "zip_code": "98833"}}, {"pk": 31112, "model": "django_geo.zipcode", "fields": {"latitude": "48.138528", "city": "Methow", "state": "WA", "longitude": "-120.02851", "zip_code": "98834"}}, {"pk": 31113, "model": "django_geo.zipcode", "fields": {"latitude": "47.481133", "city": "Monitor", "state": "WA", "longitude": "-120.41354", "zip_code": "98836"}}, {"pk": 31114, "model": "django_geo.zipcode", "fields": {"latitude": "47.133606", "city": "Moses Lake", "state": "WA", "longitude": "-119.28455", "zip_code": "98837"}}, {"pk": 31115, "model": "django_geo.zipcode", "fields": {"latitude": "48.343356", "city": "Okanogan", "state": "WA", "longitude": "-119.57656", "zip_code": "98840"}}, {"pk": 31116, "model": "django_geo.zipcode", "fields": {"latitude": "48.403174", "city": "Omak", "state": "WA", "longitude": "-119.39066", "zip_code": "98841"}}, {"pk": 31117, "model": "django_geo.zipcode", "fields": {"latitude": "47.745842", "city": "Orondo", "state": "WA", "longitude": "-120.09326", "zip_code": "98843"}}, {"pk": 31118, "model": "django_geo.zipcode", "fields": {"latitude": "48.9332", "city": "Oroville", "state": "WA", "longitude": "-119.38169", "zip_code": "98844"}}, {"pk": 31119, "model": "django_geo.zipcode", "fields": {"latitude": "47.466573", "city": "Palisades", "state": "WA", "longitude": "-119.82091", "zip_code": "98845"}}, {"pk": 31120, "model": "django_geo.zipcode", "fields": {"latitude": "48.03925", "city": "Pateros", "state": "WA", "longitude": "-119.9395", "zip_code": "98846"}}, {"pk": 31121, "model": "django_geo.zipcode", "fields": {"latitude": "47.552462", "city": "Peshastin", "state": "WA", "longitude": "-120.60457", "zip_code": "98847"}}, {"pk": 31122, "model": "django_geo.zipcode", "fields": {"latitude": "47.18227", "city": "Quincy", "state": "WA", "longitude": "-119.85868", "zip_code": "98848"}}, {"pk": 31123, "model": "django_geo.zipcode", "fields": {"latitude": "48.528793", "city": "Riverside", "state": "WA", "longitude": "-119.45276", "zip_code": "98849"}}, {"pk": 31124, "model": "django_geo.zipcode", "fields": {"latitude": "47.360902", "city": "Rock Island", "state": "WA", "longitude": "-120.11338", "zip_code": "98850"}}, {"pk": 31125, "model": "django_geo.zipcode", "fields": {"latitude": "47.400024", "city": "Soap Lake", "state": "WA", "longitude": "-119.4624", "zip_code": "98851"}}, {"pk": 31126, "model": "django_geo.zipcode", "fields": {"latitude": "48.494944", "city": "Stehekin", "state": "WA", "longitude": "-120.73348", "zip_code": "98852"}}, {"pk": 31127, "model": "django_geo.zipcode", "fields": {"latitude": "47.417461", "city": "Stratford", "state": "WA", "longitude": "-119.28312", "zip_code": "98853"}}, {"pk": 31128, "model": "django_geo.zipcode", "fields": {"latitude": "48.689509", "city": "Tonasket", "state": "WA", "longitude": "-119.32169", "zip_code": "98855"}}, {"pk": 31129, "model": "django_geo.zipcode", "fields": {"latitude": "48.359904", "city": "Twisp", "state": "WA", "longitude": "-120.13051", "zip_code": "98856"}}, {"pk": 31130, "model": "django_geo.zipcode", "fields": {"latitude": "46.970666", "city": "Warden", "state": "WA", "longitude": "-119.0672", "zip_code": "98857"}}, {"pk": 31131, "model": "django_geo.zipcode", "fields": {"latitude": "47.63205", "city": "Waterville", "state": "WA", "longitude": "-119.90423", "zip_code": "98858"}}, {"pk": 31132, "model": "django_geo.zipcode", "fields": {"latitude": "48.810894", "city": "Wauconda", "state": "WA", "longitude": "-118.93303", "zip_code": "98859"}}, {"pk": 31133, "model": "django_geo.zipcode", "fields": {"latitude": "47.458634", "city": "Wilson Creek", "state": "WA", "longitude": "-119.13921", "zip_code": "98860"}}, {"pk": 31134, "model": "django_geo.zipcode", "fields": {"latitude": "48.488543", "city": "Winthrop", "state": "WA", "longitude": "-120.24261", "zip_code": "98862"}}, {"pk": 31135, "model": "django_geo.zipcode", "fields": {"latitude": "48.016541", "city": "Washington", "state": "WA", "longitude": "-119.6803", "zip_code": "988HH"}}, {"pk": 31136, "model": "django_geo.zipcode", "fields": {"latitude": "48.281441", "city": "Washington", "state": "WA", "longitude": "-120.00131", "zip_code": "988XX"}}, {"pk": 31137, "model": "django_geo.zipcode", "fields": {"latitude": "46.616199", "city": "Terrace Heights", "state": "WA", "longitude": "-120.46481", "zip_code": "98901"}}, {"pk": 31138, "model": "django_geo.zipcode", "fields": {"latitude": "46.595248", "city": "Yakima", "state": "WA", "longitude": "-120.53102", "zip_code": "98902"}}, {"pk": 31139, "model": "django_geo.zipcode", "fields": {"latitude": "46.550348", "city": "Union Gap", "state": "WA", "longitude": "-120.62097", "zip_code": "98903"}}, {"pk": 31140, "model": "django_geo.zipcode", "fields": {"latitude": "46.605303", "city": "Wide Hollow", "state": "WA", "longitude": "-120.61762", "zip_code": "98908"}}, {"pk": 31141, "model": "django_geo.zipcode", "fields": {"latitude": "47.19377", "city": "Cle Elum", "state": "WA", "longitude": "-120.91733", "zip_code": "98922"}}, {"pk": 31142, "model": "django_geo.zipcode", "fields": {"latitude": "46.662006", "city": "Cowiche", "state": "WA", "longitude": "-120.71558", "zip_code": "98923"}}, {"pk": 31143, "model": "django_geo.zipcode", "fields": {"latitude": "47.3042", "city": "Easton", "state": "WA", "longitude": "-121.24849", "zip_code": "98925"}}, {"pk": 31144, "model": "django_geo.zipcode", "fields": {"latitude": "47.009726", "city": "Ellensburg", "state": "WA", "longitude": "-120.52364", "zip_code": "98926"}}, {"pk": 31145, "model": "django_geo.zipcode", "fields": {"latitude": "46.260129", "city": "Grandview", "state": "WA", "longitude": "-119.90614", "zip_code": "98930"}}, {"pk": 31146, "model": "django_geo.zipcode", "fields": {"latitude": "46.345166", "city": "Granger", "state": "WA", "longitude": "-120.1843", "zip_code": "98932"}}, {"pk": 31147, "model": "django_geo.zipcode", "fields": {"latitude": "46.406875", "city": "Harrah", "state": "WA", "longitude": "-120.62421", "zip_code": "98933"}}, {"pk": 31148, "model": "django_geo.zipcode", "fields": {"latitude": "46.984565", "city": "Kittitas", "state": "WA", "longitude": "-120.41782", "zip_code": "98934"}}, {"pk": 31149, "model": "django_geo.zipcode", "fields": {"latitude": "46.177732", "city": "Mabton", "state": "WA", "longitude": "-120.02966", "zip_code": "98935"}}, {"pk": 31150, "model": "django_geo.zipcode", "fields": {"latitude": "46.540842", "city": "Moxee", "state": "WA", "longitude": "-120.33322", "zip_code": "98936"}}, {"pk": 31151, "model": "django_geo.zipcode", "fields": {"latitude": "46.71207", "city": "White Pass", "state": "WA", "longitude": "-120.97097", "zip_code": "98937"}}, {"pk": 31152, "model": "django_geo.zipcode", "fields": {"latitude": "46.364164", "city": "Outlook", "state": "WA", "longitude": "-120.09871", "zip_code": "98938"}}, {"pk": 31153, "model": "django_geo.zipcode", "fields": {"latitude": "47.33394", "city": "Ronald", "state": "WA", "longitude": "-121.02979", "zip_code": "98940"}}, {"pk": 31154, "model": "django_geo.zipcode", "fields": {"latitude": "47.224876", "city": "Roslyn", "state": "WA", "longitude": "-120.99286", "zip_code": "98941"}}, {"pk": 31155, "model": "django_geo.zipcode", "fields": {"latitude": "46.726395", "city": "Selah", "state": "WA", "longitude": "-120.56997", "zip_code": "98942"}}, {"pk": 31156, "model": "django_geo.zipcode", "fields": {"latitude": "47.186592", "city": "South Cle Elum", "state": "WA", "longitude": "-120.95503", "zip_code": "98943"}}, {"pk": 31157, "model": "django_geo.zipcode", "fields": {"latitude": "46.342102", "city": "Sunnyside", "state": "WA", "longitude": "-119.99", "zip_code": "98944"}}, {"pk": 31158, "model": "django_geo.zipcode", "fields": {"latitude": "47.087352", "city": "Thorp", "state": "WA", "longitude": "-120.71232", "zip_code": "98946"}}, {"pk": 31159, "model": "django_geo.zipcode", "fields": {"latitude": "46.707735", "city": "Tieton", "state": "WA", "longitude": "-120.75713", "zip_code": "98947"}}, {"pk": 31160, "model": "django_geo.zipcode", "fields": {"latitude": "46.35653", "city": "Toppenish", "state": "WA", "longitude": "-120.33462", "zip_code": "98948"}}, {"pk": 31161, "model": "django_geo.zipcode", "fields": {"latitude": "46.880413", "city": "Vantage", "state": "WA", "longitude": "-119.98939", "zip_code": "98950"}}, {"pk": 31162, "model": "django_geo.zipcode", "fields": {"latitude": "46.457731", "city": "Wapato", "state": "WA", "longitude": "-120.46721", "zip_code": "98951"}}, {"pk": 31163, "model": "django_geo.zipcode", "fields": {"latitude": "46.377579", "city": "White Swan", "state": "WA", "longitude": "-120.7144", "zip_code": "98952"}}, {"pk": 31164, "model": "django_geo.zipcode", "fields": {"latitude": "46.418933", "city": "Zillah", "state": "WA", "longitude": "-120.26699", "zip_code": "98953"}}, {"pk": 31165, "model": "django_geo.zipcode", "fields": {"latitude": "46.584582", "city": "Washington", "state": "WA", "longitude": "-120.4604", "zip_code": "989HH"}}, {"pk": 31166, "model": "django_geo.zipcode", "fields": {"latitude": "46.707836", "city": "Washington", "state": "WA", "longitude": "-120.81477", "zip_code": "989XX"}}, {"pk": 31167, "model": "django_geo.zipcode", "fields": {"latitude": "47.642922", "city": "Airway Heights", "state": "WA", "longitude": "-117.59149", "zip_code": "99001"}}, {"pk": 31168, "model": "django_geo.zipcode", "fields": {"latitude": "47.921687", "city": "Chattaroy", "state": "WA", "longitude": "-117.29378", "zip_code": "99003"}}, {"pk": 31169, "model": "django_geo.zipcode", "fields": {"latitude": "47.466974", "city": "Cheney", "state": "WA", "longitude": "-117.60575", "zip_code": "99004"}}, {"pk": 31170, "model": "django_geo.zipcode", "fields": {"latitude": "47.844289", "city": "Colbert", "state": "WA", "longitude": "-117.37274", "zip_code": "99005"}}, {"pk": 31171, "model": "django_geo.zipcode", "fields": {"latitude": "47.966471", "city": "Deer Park", "state": "WA", "longitude": "-117.48145", "zip_code": "99006"}}, {"pk": 31172, "model": "django_geo.zipcode", "fields": {"latitude": "47.50505", "city": "Edwall", "state": "WA", "longitude": "-117.93432", "zip_code": "99008"}}, {"pk": 31173, "model": "django_geo.zipcode", "fields": {"latitude": "48.041663", "city": "Elk", "state": "WA", "longitude": "-117.24891", "zip_code": "99009"}}, {"pk": 31174, "model": "django_geo.zipcode", "fields": {"latitude": "47.595572", "city": "Fairchild Air Fo", "state": "WA", "longitude": "-117.67344", "zip_code": "99011"}}, {"pk": 31175, "model": "django_geo.zipcode", "fields": {"latitude": "47.383651", "city": "Fairfield", "state": "WA", "longitude": "-117.18568", "zip_code": "99012"}}, {"pk": 31176, "model": "django_geo.zipcode", "fields": {"latitude": "47.889348", "city": "Ford", "state": "WA", "longitude": "-117.82325", "zip_code": "99013"}}, {"pk": 31177, "model": "django_geo.zipcode", "fields": {"latitude": "47.648693", "city": "Greenacres", "state": "WA", "longitude": "-117.15116", "zip_code": "99016"}}, {"pk": 31178, "model": "django_geo.zipcode", "fields": {"latitude": "47.197445", "city": "Lamont", "state": "WA", "longitude": "-117.85558", "zip_code": "99017"}}, {"pk": 31179, "model": "django_geo.zipcode", "fields": {"latitude": "47.277842", "city": "Latah", "state": "WA", "longitude": "-117.13639", "zip_code": "99018"}}, {"pk": 31180, "model": "django_geo.zipcode", "fields": {"latitude": "47.656171", "city": "Liberty Lake", "state": "WA", "longitude": "-117.08628", "zip_code": "99019"}}, {"pk": 31181, "model": "django_geo.zipcode", "fields": {"latitude": "47.563191", "city": "Marshall", "state": "WA", "longitude": "-117.4959", "zip_code": "99020"}}, {"pk": 31182, "model": "django_geo.zipcode", "fields": {"latitude": "47.81108", "city": "Mead", "state": "WA", "longitude": "-117.22306", "zip_code": "99021"}}, {"pk": 31183, "model": "django_geo.zipcode", "fields": {"latitude": "47.583754", "city": "Espanola", "state": "WA", "longitude": "-117.68812", "zip_code": "99022"}}, {"pk": 31184, "model": "django_geo.zipcode", "fields": {"latitude": "47.554592", "city": "Mica", "state": "WA", "longitude": "-117.18352", "zip_code": "99023"}}, {"pk": 31185, "model": "django_geo.zipcode", "fields": {"latitude": "47.751434", "city": "Newman Lake", "state": "WA", "longitude": "-117.06934", "zip_code": "99025"}}, {"pk": 31186, "model": "django_geo.zipcode", "fields": {"latitude": "47.801194", "city": "Nine Mile Falls", "state": "WA", "longitude": "-117.59325", "zip_code": "99026"}}, {"pk": 31187, "model": "django_geo.zipcode", "fields": {"latitude": "47.703698", "city": "Otis Orchards", "state": "WA", "longitude": "-117.12007", "zip_code": "99027"}}, {"pk": 31188, "model": "django_geo.zipcode", "fields": {"latitude": "47.693129", "city": "Reardan", "state": "WA", "longitude": "-117.86164", "zip_code": "99029"}}, {"pk": 31189, "model": "django_geo.zipcode", "fields": {"latitude": "47.463725", "city": "Rockford", "state": "WA", "longitude": "-117.11319", "zip_code": "99030"}}, {"pk": 31190, "model": "django_geo.zipcode", "fields": {"latitude": "47.432691", "city": "Spangle", "state": "WA", "longitude": "-117.37449", "zip_code": "99031"}}, {"pk": 31191, "model": "django_geo.zipcode", "fields": {"latitude": "47.273264", "city": "Sprague", "state": "WA", "longitude": "-117.99082", "zip_code": "99032"}}, {"pk": 31192, "model": "django_geo.zipcode", "fields": {"latitude": "47.222328", "city": "Tekoa", "state": "WA", "longitude": "-117.08133", "zip_code": "99033"}}, {"pk": 31193, "model": "django_geo.zipcode", "fields": {"latitude": "47.858074", "city": "Tumtum", "state": "WA", "longitude": "-117.74582", "zip_code": "99034"}}, {"pk": 31194, "model": "django_geo.zipcode", "fields": {"latitude": "47.52507", "city": "Valleyford", "state": "WA", "longitude": "-117.27054", "zip_code": "99036"}}, {"pk": 31195, "model": "django_geo.zipcode", "fields": {"latitude": "47.643346", "city": "Veradale", "state": "WA", "longitude": "-117.19993", "zip_code": "99037"}}, {"pk": 31196, "model": "django_geo.zipcode", "fields": {"latitude": "47.863857", "city": "Wellpinit", "state": "WA", "longitude": "-118.03661", "zip_code": "99040"}}, {"pk": 31197, "model": "django_geo.zipcode", "fields": {"latitude": "47.794089", "city": "Washington", "state": "WA", "longitude": "-117.57332", "zip_code": "990HH"}}, {"pk": 31198, "model": "django_geo.zipcode", "fields": {"latitude": "47.300203", "city": "Washington", "state": "WA", "longitude": "-118.20407", "zip_code": "990XX"}}, {"pk": 31199, "model": "django_geo.zipcode", "fields": {"latitude": "48.305861", "city": "Addy", "state": "WA", "longitude": "-117.94318", "zip_code": "99101"}}, {"pk": 31200, "model": "django_geo.zipcode", "fields": {"latitude": "46.793604", "city": "Albion", "state": "WA", "longitude": "-117.25208", "zip_code": "99102"}}, {"pk": 31201, "model": "django_geo.zipcode", "fields": {"latitude": "47.721863", "city": "Almira", "state": "WA", "longitude": "-118.95554", "zip_code": "99103"}}, {"pk": 31202, "model": "django_geo.zipcode", "fields": {"latitude": "46.866805", "city": "Benge", "state": "WA", "longitude": "-118.13247", "zip_code": "99105"}}, {"pk": 31203, "model": "django_geo.zipcode", "fields": {"latitude": "48.269784", "city": "Chewelah", "state": "WA", "longitude": "-117.73437", "zip_code": "99109"}}, {"pk": 31204, "model": "django_geo.zipcode", "fields": {"latitude": "48.012084", "city": "Clayton", "state": "WA", "longitude": "-117.57306", "zip_code": "99110"}}, {"pk": 31205, "model": "django_geo.zipcode", "fields": {"latitude": "46.875136", "city": "Colfax", "state": "WA", "longitude": "-117.4092", "zip_code": "99111"}}, {"pk": 31206, "model": "django_geo.zipcode", "fields": {"latitude": "46.577614", "city": "Colton", "state": "WA", "longitude": "-117.16133", "zip_code": "99113"}}, {"pk": 31207, "model": "django_geo.zipcode", "fields": {"latitude": "48.658512", "city": "Colville", "state": "WA", "longitude": "-117.7671", "zip_code": "99114"}}, {"pk": 31208, "model": "django_geo.zipcode", "fields": {"latitude": "47.646132", "city": "Coulee City", "state": "WA", "longitude": "-119.3827", "zip_code": "99115"}}, {"pk": 31209, "model": "django_geo.zipcode", "fields": {"latitude": "47.995847", "city": "Coulee Dam", "state": "WA", "longitude": "-118.95862", "zip_code": "99116"}}, {"pk": 31210, "model": "django_geo.zipcode", "fields": {"latitude": "47.757764", "city": "Creston", "state": "WA", "longitude": "-118.49343", "zip_code": "99117"}}, {"pk": 31211, "model": "django_geo.zipcode", "fields": {"latitude": "48.890892", "city": "Curlew", "state": "WA", "longitude": "-118.64475", "zip_code": "99118"}}, {"pk": 31212, "model": "django_geo.zipcode", "fields": {"latitude": "48.504786", "city": "Cusick", "state": "WA", "longitude": "-117.31689", "zip_code": "99119"}}, {"pk": 31213, "model": "django_geo.zipcode", "fields": {"latitude": "48.977629", "city": "Danville", "state": "WA", "longitude": "-118.51457", "zip_code": "99121"}}, {"pk": 31214, "model": "django_geo.zipcode", "fields": {"latitude": "47.671143", "city": "Davenport", "state": "WA", "longitude": "-118.18938", "zip_code": "99122"}}, {"pk": 31215, "model": "django_geo.zipcode", "fields": {"latitude": "47.907923", "city": "Electric City", "state": "WA", "longitude": "-119.06531", "zip_code": "99123"}}, {"pk": 31216, "model": "django_geo.zipcode", "fields": {"latitude": "47.998468", "city": "Elmer City", "state": "WA", "longitude": "-118.95248", "zip_code": "99124"}}, {"pk": 31217, "model": "django_geo.zipcode", "fields": {"latitude": "46.941628", "city": "Endicott", "state": "WA", "longitude": "-117.7293", "zip_code": "99125"}}, {"pk": 31218, "model": "django_geo.zipcode", "fields": {"latitude": "48.733324", "city": "Evans", "state": "WA", "longitude": "-117.97348", "zip_code": "99126"}}, {"pk": 31219, "model": "django_geo.zipcode", "fields": {"latitude": "48.003202", "city": "Fruitland", "state": "WA", "longitude": "-118.21339", "zip_code": "99129"}}, {"pk": 31220, "model": "django_geo.zipcode", "fields": {"latitude": "46.983768", "city": "Garfield", "state": "WA", "longitude": "-117.19597", "zip_code": "99130"}}, {"pk": 31221, "model": "django_geo.zipcode", "fields": {"latitude": "48.290089", "city": "Gifford", "state": "WA", "longitude": "-118.09326", "zip_code": "99131"}}, {"pk": 31222, "model": "django_geo.zipcode", "fields": {"latitude": "47.947097", "city": "Grand Coulee", "state": "WA", "longitude": "-119.00713", "zip_code": "99133"}}, {"pk": 31223, "model": "django_geo.zipcode", "fields": {"latitude": "47.460312", "city": "Harrington", "state": "WA", "longitude": "-118.38258", "zip_code": "99134"}}, {"pk": 31224, "model": "django_geo.zipcode", "fields": {"latitude": "47.641983", "city": "Hartline", "state": "WA", "longitude": "-119.08897", "zip_code": "99135"}}, {"pk": 31225, "model": "django_geo.zipcode", "fields": {"latitude": "46.669207", "city": "Hay", "state": "WA", "longitude": "-117.96015", "zip_code": "99136"}}, {"pk": 31226, "model": "django_geo.zipcode", "fields": {"latitude": "48.174649", "city": "Hunters", "state": "WA", "longitude": "-118.11361", "zip_code": "99137"}}, {"pk": 31227, "model": "django_geo.zipcode", "fields": {"latitude": "48.207661", "city": "Inchelium", "state": "WA", "longitude": "-118.2979", "zip_code": "99138"}}, {"pk": 31228, "model": "django_geo.zipcode", "fields": {"latitude": "48.736168", "city": "Ione", "state": "WA", "longitude": "-117.4111", "zip_code": "99139"}}, {"pk": 31229, "model": "django_geo.zipcode", "fields": {"latitude": "48.080515", "city": "Keller", "state": "WA", "longitude": "-118.69498", "zip_code": "99140"}}, {"pk": 31230, "model": "django_geo.zipcode", "fields": {"latitude": "48.690209", "city": "Kettle Falls", "state": "WA", "longitude": "-118.10045", "zip_code": "99141"}}, {"pk": 31231, "model": "django_geo.zipcode", "fields": {"latitude": "46.792982", "city": "Lacrosse", "state": "WA", "longitude": "-117.91313", "zip_code": "99143"}}, {"pk": 31232, "model": "django_geo.zipcode", "fields": {"latitude": "48.92816", "city": "Laurier", "state": "WA", "longitude": "-118.2897", "zip_code": "99146"}}, {"pk": 31233, "model": "django_geo.zipcode", "fields": {"latitude": "48.102048", "city": "Loon Lake", "state": "WA", "longitude": "-117.6013", "zip_code": "99148"}}, {"pk": 31234, "model": "django_geo.zipcode", "fields": {"latitude": "47.227436", "city": "Malden", "state": "WA", "longitude": "-117.47364", "zip_code": "99149"}}, {"pk": 31235, "model": "django_geo.zipcode", "fields": {"latitude": "48.810879", "city": "Malo", "state": "WA", "longitude": "-118.59088", "zip_code": "99150"}}, {"pk": 31236, "model": "django_geo.zipcode", "fields": {"latitude": "48.664206", "city": "Marcus", "state": "WA", "longitude": "-118.06417", "zip_code": "99151"}}, {"pk": 31237, "model": "django_geo.zipcode", "fields": {"latitude": "48.858688", "city": "Metaline", "state": "WA", "longitude": "-117.39106", "zip_code": "99152"}}, {"pk": 31238, "model": "django_geo.zipcode", "fields": {"latitude": "48.858518", "city": "Metaline Falls", "state": "WA", "longitude": "-117.29833", "zip_code": "99153"}}, {"pk": 31239, "model": "django_geo.zipcode", "fields": {"latitude": "47.376884", "city": "Mohler", "state": "WA", "longitude": "-118.3799", "zip_code": "99154"}}, {"pk": 31240, "model": "django_geo.zipcode", "fields": {"latitude": "48.17266", "city": "Nespelem", "state": "WA", "longitude": "-119.00126", "zip_code": "99155"}}, {"pk": 31241, "model": "django_geo.zipcode", "fields": {"latitude": "48.159752", "city": "Newport", "state": "WA", "longitude": "-117.16984", "zip_code": "99156"}}, {"pk": 31242, "model": "django_geo.zipcode", "fields": {"latitude": "48.897876", "city": "Northport", "state": "WA", "longitude": "-117.81647", "zip_code": "99157"}}, {"pk": 31243, "model": "django_geo.zipcode", "fields": {"latitude": "47.136249", "city": "Oakesdale", "state": "WA", "longitude": "-117.25463", "zip_code": "99158"}}, {"pk": 31244, "model": "django_geo.zipcode", "fields": {"latitude": "47.338736", "city": "Odessa", "state": "WA", "longitude": "-118.70235", "zip_code": "99159"}}, {"pk": 31245, "model": "django_geo.zipcode", "fields": {"latitude": "48.86407", "city": "Orient", "state": "WA", "longitude": "-118.20557", "zip_code": "99160"}}, {"pk": 31246, "model": "django_geo.zipcode", "fields": {"latitude": "46.905132", "city": "Palouse", "state": "WA", "longitude": "-117.10575", "zip_code": "99161"}}, {"pk": 31247, "model": "django_geo.zipcode", "fields": {"latitude": "46.732705", "city": "Pullman", "state": "WA", "longitude": "-117.18648", "zip_code": "99163"}}, {"pk": 31248, "model": "django_geo.zipcode", "fields": {"latitude": "48.657684", "city": "Republic", "state": "WA", "longitude": "-118.72647", "zip_code": "99166"}}, {"pk": 31249, "model": "django_geo.zipcode", "fields": {"latitude": "48.406582", "city": "Rice", "state": "WA", "longitude": "-118.11029", "zip_code": "99167"}}, {"pk": 31250, "model": "django_geo.zipcode", "fields": {"latitude": "47.107228", "city": "Ritzville", "state": "WA", "longitude": "-118.43136", "zip_code": "99169"}}, {"pk": 31251, "model": "django_geo.zipcode", "fields": {"latitude": "47.240334", "city": "Rosalia", "state": "WA", "longitude": "-117.37365", "zip_code": "99170"}}, {"pk": 31252, "model": "django_geo.zipcode", "fields": {"latitude": "47.11653", "city": "Saint John", "state": "WA", "longitude": "-117.63938", "zip_code": "99171"}}, {"pk": 31253, "model": "django_geo.zipcode", "fields": {"latitude": "48.030848", "city": "Springdale", "state": "WA", "longitude": "-117.79563", "zip_code": "99173"}}, {"pk": 31254, "model": "django_geo.zipcode", "fields": {"latitude": "47.117965", "city": "Thornton", "state": "WA", "longitude": "-117.41047", "zip_code": "99176"}}, {"pk": 31255, "model": "django_geo.zipcode", "fields": {"latitude": "46.516794", "city": "Uniontown", "state": "WA", "longitude": "-117.08202", "zip_code": "99179"}}, {"pk": 31256, "model": "django_geo.zipcode", "fields": {"latitude": "48.295497", "city": "Usk", "state": "WA", "longitude": "-117.29236", "zip_code": "99180"}}, {"pk": 31257, "model": "django_geo.zipcode", "fields": {"latitude": "48.144634", "city": "Valley", "state": "WA", "longitude": "-117.74564", "zip_code": "99181"}}, {"pk": 31258, "model": "django_geo.zipcode", "fields": {"latitude": "47.756616", "city": "Wilbur", "state": "WA", "longitude": "-118.70628", "zip_code": "99185"}}, {"pk": 31259, "model": "django_geo.zipcode", "fields": {"latitude": "48.752467", "city": "Washington", "state": "WA", "longitude": "-118.05838", "zip_code": "991HH"}}, {"pk": 31260, "model": "django_geo.zipcode", "fields": {"latitude": "48.530543", "city": "Washington", "state": "WA", "longitude": "-118.19297", "zip_code": "991XX"}}, {"pk": 31261, "model": "django_geo.zipcode", "fields": {"latitude": "47.663945", "city": "Spokane", "state": "WA", "longitude": "-117.43185", "zip_code": "99201"}}, {"pk": 31262, "model": "django_geo.zipcode", "fields": {"latitude": "47.656692", "city": "Spokane", "state": "WA", "longitude": "-117.37899", "zip_code": "99202"}}, {"pk": 31263, "model": "django_geo.zipcode", "fields": {"latitude": "47.629091", "city": "Spokane", "state": "WA", "longitude": "-117.40636", "zip_code": "99203"}}, {"pk": 31264, "model": "django_geo.zipcode", "fields": {"latitude": "47.648941", "city": "Spokane", "state": "WA", "longitude": "-117.43174", "zip_code": "99204"}}, {"pk": 31265, "model": "django_geo.zipcode", "fields": {"latitude": "47.69399", "city": "Spokane", "state": "WA", "longitude": "-117.43979", "zip_code": "99205"}}, {"pk": 31266, "model": "django_geo.zipcode", "fields": {"latitude": "47.646994", "city": "Spokane", "state": "WA", "longitude": "-117.25912", "zip_code": "99206"}}, {"pk": 31267, "model": "django_geo.zipcode", "fields": {"latitude": "47.693741", "city": "Spokane", "state": "WA", "longitude": "-117.38829", "zip_code": "99207"}}, {"pk": 31268, "model": "django_geo.zipcode", "fields": {"latitude": "47.740491", "city": "Spokane", "state": "WA", "longitude": "-117.43916", "zip_code": "99208"}}, {"pk": 31269, "model": "django_geo.zipcode", "fields": {"latitude": "47.668926", "city": "Spokane", "state": "WA", "longitude": "-117.30668", "zip_code": "99212"}}, {"pk": 31270, "model": "django_geo.zipcode", "fields": {"latitude": "47.665819", "city": "Spokane", "state": "WA", "longitude": "-117.21699", "zip_code": "99216"}}, {"pk": 31271, "model": "django_geo.zipcode", "fields": {"latitude": "47.707542", "city": "Spokane", "state": "WA", "longitude": "-117.33776", "zip_code": "99217"}}, {"pk": 31272, "model": "django_geo.zipcode", "fields": {"latitude": "47.751674", "city": "Spokane", "state": "WA", "longitude": "-117.4124", "zip_code": "99218"}}, {"pk": 31273, "model": "django_geo.zipcode", "fields": {"latitude": "47.614744", "city": "Spokane", "state": "WA", "longitude": "-117.35892", "zip_code": "99223"}}, {"pk": 31274, "model": "django_geo.zipcode", "fields": {"latitude": "47.632573", "city": "Spokane", "state": "WA", "longitude": "-117.49326", "zip_code": "99224"}}, {"pk": 31275, "model": "django_geo.zipcode", "fields": {"latitude": "47.685593", "city": "Washington", "state": "WA", "longitude": "-117.32631", "zip_code": "992HH"}}, {"pk": 31276, "model": "django_geo.zipcode", "fields": {"latitude": "46.270249", "city": "Pasco", "state": "WA", "longitude": "-119.09462", "zip_code": "99301"}}, {"pk": 31277, "model": "django_geo.zipcode", "fields": {"latitude": "46.263399", "city": "Benton City", "state": "WA", "longitude": "-119.47909", "zip_code": "99320"}}, {"pk": 31278, "model": "django_geo.zipcode", "fields": {"latitude": "46.834349", "city": "Beverly", "state": "WA", "longitude": "-119.93088", "zip_code": "99321"}}, {"pk": 31279, "model": "django_geo.zipcode", "fields": {"latitude": "45.963054", "city": "Bickleton", "state": "WA", "longitude": "-120.25547", "zip_code": "99322"}}, {"pk": 31280, "model": "django_geo.zipcode", "fields": {"latitude": "46.191158", "city": "Burbank", "state": "WA", "longitude": "-118.87987", "zip_code": "99323"}}, {"pk": 31281, "model": "django_geo.zipcode", "fields": {"latitude": "46.044936", "city": "College Place", "state": "WA", "longitude": "-118.38466", "zip_code": "99324"}}, {"pk": 31282, "model": "django_geo.zipcode", "fields": {"latitude": "46.675704", "city": "Connell", "state": "WA", "longitude": "-118.8823", "zip_code": "99326"}}, {"pk": 31283, "model": "django_geo.zipcode", "fields": {"latitude": "46.319087", "city": "Dayton", "state": "WA", "longitude": "-117.96887", "zip_code": "99328"}}, {"pk": 31284, "model": "django_geo.zipcode", "fields": {"latitude": "46.138753", "city": "Dixie", "state": "WA", "longitude": "-118.15325", "zip_code": "99329"}}, {"pk": 31285, "model": "django_geo.zipcode", "fields": {"latitude": "46.467186", "city": "Eltopia", "state": "WA", "longitude": "-119.06888", "zip_code": "99330"}}, {"pk": 31286, "model": "django_geo.zipcode", "fields": {"latitude": "46.776386", "city": "Hatton", "state": "WA", "longitude": "-118.82892", "zip_code": "99332"}}, {"pk": 31287, "model": "django_geo.zipcode", "fields": {"latitude": "46.648121", "city": "Kahlotus", "state": "WA", "longitude": "-118.55652", "zip_code": "99335"}}, {"pk": 31288, "model": "django_geo.zipcode", "fields": {"latitude": "46.210957", "city": "Kennewick", "state": "WA", "longitude": "-119.16369", "zip_code": "99336"}}, {"pk": 31289, "model": "django_geo.zipcode", "fields": {"latitude": "46.169982", "city": "Kennewick", "state": "WA", "longitude": "-119.10456", "zip_code": "99337"}}, {"pk": 31290, "model": "django_geo.zipcode", "fields": {"latitude": "46.192356", "city": "Kennewick", "state": "WA", "longitude": "-119.23982", "zip_code": "99338"}}, {"pk": 31291, "model": "django_geo.zipcode", "fields": {"latitude": "46.912194", "city": "Lind", "state": "WA", "longitude": "-118.63676", "zip_code": "99341"}}, {"pk": 31292, "model": "django_geo.zipcode", "fields": {"latitude": "46.581454", "city": "Mesa", "state": "WA", "longitude": "-119.12107", "zip_code": "99343"}}, {"pk": 31293, "model": "django_geo.zipcode", "fields": {"latitude": "46.843397", "city": "Mattawa", "state": "WA", "longitude": "-119.17443", "zip_code": "99344"}}, {"pk": 31294, "model": "django_geo.zipcode", "fields": {"latitude": "45.922025", "city": "Paterson", "state": "WA", "longitude": "-119.67687", "zip_code": "99345"}}, {"pk": 31295, "model": "django_geo.zipcode", "fields": {"latitude": "45.960734", "city": "Plymouth", "state": "WA", "longitude": "-119.35637", "zip_code": "99346"}}, {"pk": 31296, "model": "django_geo.zipcode", "fields": {"latitude": "46.44754", "city": "Pomeroy", "state": "WA", "longitude": "-117.57295", "zip_code": "99347"}}, {"pk": 31297, "model": "django_geo.zipcode", "fields": {"latitude": "46.408852", "city": "Prescott", "state": "WA", "longitude": "-118.44876", "zip_code": "99348"}}, {"pk": 31298, "model": "django_geo.zipcode", "fields": {"latitude": "46.726526", "city": "Mattawa", "state": "WA", "longitude": "-119.8857", "zip_code": "99349"}}, {"pk": 31299, "model": "django_geo.zipcode", "fields": {"latitude": "46.208571", "city": "Prosser", "state": "WA", "longitude": "-119.74507", "zip_code": "99350"}}, {"pk": 31300, "model": "django_geo.zipcode", "fields": {"latitude": "46.279657", "city": "Richland", "state": "WA", "longitude": "-119.28137", "zip_code": "99352"}}, {"pk": 31301, "model": "django_geo.zipcode", "fields": {"latitude": "46.297139", "city": "West Richland", "state": "WA", "longitude": "-119.35457", "zip_code": "99353"}}, {"pk": 31302, "model": "django_geo.zipcode", "fields": {"latitude": "45.816528", "city": "Roosevelt", "state": "WA", "longitude": "-120.28372", "zip_code": "99356"}}, {"pk": 31303, "model": "django_geo.zipcode", "fields": {"latitude": "46.922079", "city": "Royal City", "state": "WA", "longitude": "-119.67175", "zip_code": "99357"}}, {"pk": 31304, "model": "django_geo.zipcode", "fields": {"latitude": "46.523206", "city": "Starbuck", "state": "WA", "longitude": "-118.19393", "zip_code": "99359"}}, {"pk": 31305, "model": "django_geo.zipcode", "fields": {"latitude": "46.059286", "city": "Lowden", "state": "WA", "longitude": "-118.67264", "zip_code": "99360"}}, {"pk": 31306, "model": "django_geo.zipcode", "fields": {"latitude": "46.209202", "city": "Waitsburg", "state": "WA", "longitude": "-118.15884", "zip_code": "99361"}}, {"pk": 31307, "model": "django_geo.zipcode", "fields": {"latitude": "46.059013", "city": "Wallula", "state": "WA", "longitude": "-118.88468", "zip_code": "99363"}}, {"pk": 31308, "model": "django_geo.zipcode", "fields": {"latitude": "46.782783", "city": "Washtucna", "state": "WA", "longitude": "-118.2869", "zip_code": "99371"}}, {"pk": 31309, "model": "django_geo.zipcode", "fields": {"latitude": "46.340363", "city": "Washington", "state": "WA", "longitude": "-119.256", "zip_code": "993HH"}}, {"pk": 31310, "model": "django_geo.zipcode", "fields": {"latitude": "46.382996", "city": "Washington", "state": "WA", "longitude": "-119.41779", "zip_code": "993XX"}}, {"pk": 31311, "model": "django_geo.zipcode", "fields": {"latitude": "46.086657", "city": "Anatone", "state": "WA", "longitude": "-117.2491", "zip_code": "99401"}}, {"pk": 31312, "model": "django_geo.zipcode", "fields": {"latitude": "46.230508", "city": "Asotin", "state": "WA", "longitude": "-117.12916", "zip_code": "99402"}}, {"pk": 31313, "model": "django_geo.zipcode", "fields": {"latitude": "46.400365", "city": "Clarkston", "state": "WA", "longitude": "-117.08313", "zip_code": "99403"}}, {"pk": 31314, "model": "django_geo.zipcode", "fields": {"latitude": "46.34569", "city": "Washington", "state": "WA", "longitude": "-117.05751", "zip_code": "994HH"}}]